feature,target,n,pearson_r,pearson_p,granger_p_min,pearson_p_bh,granger_p_bh
emo_pessimism_despair,^IXIC__fwd_3m,329,0.4108045798475858,7.937066882525947e-15,0.33226480559698574,4.928918534048613e-12,0.5001307974827197
emo_pessimism_despair,QQQ__fwd_3m,329,0.4014787966797434,3.576479104306761e-14,0.3602758942223619,1.1104967618872492e-11,0.5251909162255557
emo_pessimism_despair,SPY__fwd_3m,329,0.3741216686566343,2.273921100073833e-12,0.41525191398987826,4.3834373534479654e-10,0.5597242506034488
emo_pessimism_despair,^GSPC__fwd_3m,329,0.37262306439475057,2.8234701149423287e-12,0.4434804841430199,4.3834373534479654e-10,0.5735472876726965
emo_fear_anxiety,^IXIC__fwd_3m,329,0.3688344730763073,4.856126351130079e-12,0.3158094852577994,6.031308928103558e-10,0.49152303344634946
emo_fear_anxiety,QQQ__fwd_3m,329,0.3575084530391803,2.35608600541894e-11,0.22140743450551012,2.1318979030175725e-09,0.41079746389035715
net_valence,^IXIC__fwd_3m,329,-0.3573638792693255,2.4031055267508867e-11,0.34203637896934963,2.1318979030175725e-09,0.5081449553587706
net_valence,QQQ__fwd_3m,329,-0.35490460316811795,3.3580642819461736e-11,0.3039155773975578,2.6066973988607172e-09,0.48145809582623317
cell_optimism_confidence__growth_gdp,^IXIC__fwd_3m,329,0.3494375283727487,6.993166903913247e-11,0.046525975714171657,4.82528516370014e-09,0.220554434492371
emo_excitement_euphoria,QQQ__fwd_3m,329,0.346087509273696,1.0886242819441378e-10,0.014164755900638523,6.760356790873096e-09,0.14687901151430865
cell_optimism_confidence__growth_gdp,QQQ__fwd_3m,329,0.34176833409452967,1.9113577188766382e-10,0.05509251298497584,1.079048312202175e-08,0.22869711767284615
cell_optimism_confidence__growth_gdp,GLD__fwd_3m,329,0.3398811885012485,2.4376977550391533e-10,0.14998142041483128,1.2213751383652646e-08,0.353953717623069
cell_anger_disgust__fiscal_taxes,ETH-USD__fwd_3m,329,0.339509527372171,2.5568239611511175e-10,0.021512932686289156,1.2213751383652646e-08,0.15534338602541356
emo_excitement_euphoria,^IXIC__fwd_3m,329,0.33754323500167394,3.287525729431117e-10,0.008307435440418388,1.4582524842690884e-08,0.13224500077974471
cell_optimism_confidence__growth_gdp,GC=F__fwd_3m,329,0.33675613918074554,3.633738617287708e-10,0.2182039095510704,1.504367787557111e-08,0.41079746389035715
emo_fear_anxiety,SPY__fwd_3m,329,0.3339551759980017,5.177323187224011e-10,0.1097512216886651,2.009448562041319e-08,0.32850289571948144
emo_fear_anxiety,^GSPC__fwd_3m,329,0.3311439027864762,7.359898905838716e-10,0.1260745196610578,2.6885277767799074e-08,0.3334818847532009
net_valence,ETH-USD__fwd_3m,329,-0.32711988511655704,1.2101945382532575e-09,0.09467244859020678,4.175171156973738e-08,0.3014953362795816
emo_anger_disgust,ETH-USD__fwd_3m,329,0.32660866212778317,1.2884550349022322e-09,0.1338969484209546,4.211213561443612e-08,0.33484536013466865
emo_excitement_euphoria,SPY__fwd_3m,329,0.3230368281813102,1.9897672348919496e-09,0.01638357637214301,6.178227264339504e-08,0.14687901151430865
emo_excitement_euphoria,^GSPC__fwd_3m,329,0.32123155931063874,2.473195866289163e-09,0.015082878232318016,7.253844805588622e-08,0.14687901151430865
emo_pessimism_despair,ETH-USD__fwd_3m,329,0.3206681615471327,2.646118069410461e-09,0.11544315129458646,7.253844805588622e-08,0.32938043485315516
emo_anger_disgust,QQQ__fwd_3m,329,0.3202731116037466,2.7743007442297238e-09,0.2522695116336675,7.253844805588622e-08,0.44005440091153797
emo_anger_disgust,^IXIC__fwd_3m,329,0.3201858423967509,2.8034182823530906e-09,0.30156995485747073,7.253844805588622e-08,0.48142658603210625
net_valence,SPY__fwd_3m,329,-0.3180906854839754,3.5984315890215225e-09,0.6896464180654052,8.938504067129462e-08,0.7345483524539261
net_valence,^GSPC__fwd_3m,329,-0.3162807116594051,4.457680439341356e-09,0.6524490680527791,1.0646998280119162e-07,0.7133315915720101
emo_confusion_uncertainty,^IXIC__fwd_3m,329,0.3142466709477113,5.660797132181948e-09,0.37239497632982316,1.301983340401848e-07,0.5370986279006638
emo_confusion_uncertainty,QQQ__fwd_3m,329,0.3127459872602821,6.744297337675329e-09,0.38658985274752766,1.4957888023915642e-07,0.5443816293791716
emo_optimism_confidence,ETH-USD__fwd_3m,329,0.3093869823956007,9.946046568060338e-09,0.14563471570787417,2.1298258340570588e-07,0.3519033402902329
cell_anger_disgust__fiscal_taxes,^IXIC__fwd_3m,329,0.303805247675596,1.87655196127789e-08,0.35502155739221625,3.8844625598452326e-07,0.5224369363520528
cell_anger_disgust__fiscal_taxes,QQQ__fwd_3m,329,0.2974098662981904,3.821250907840659e-08,0.3371875568806327,7.654828431513062e-07,0.5045625851153563
emo_confusion_uncertainty,SPY__fwd_3m,329,0.2943689002698293,5.3265170527107527e-08,0.6360921133865486,1.0167477200923563e-06,0.7041349001452563
emo_optimism_confidence,^IXIC__fwd_3m,329,0.29423755378477123,5.403007208220251e-08,0.2707803909443899,1.0167477200923563e-06,0.45473082193328856
emo_confusion_uncertainty,^GSPC__fwd_3m,329,0.2911929698640161,7.50408542741704e-08,0.6524514396343023,1.3705991324782298e-06,0.7133315915720101
cell_anger_disgust__fiscal_taxes,SPY__fwd_3m,329,0.2883805441017262,1.0129815799490037e-07,0.6318875989661443,1.7973187461380894e-06,0.7041349001452563
emo_optimism_confidence,QQQ__fwd_3m,329,0.28722559010970977,1.1447283748041799e-07,0.25601082617665477,1.9746564465372104e-06,0.4440858185913481
cell_anger_disgust__fiscal_taxes,^GSPC__fwd_3m,329,0.2863164278003695,1.2598979730292731e-07,0.6265849019692453,2.1145855168950775e-06,0.7010977011223448
emo_anger_disgust,SPY__fwd_3m,329,0.2830871479987702,1.7661407616782958e-07,0.6050529431059962,2.886245823690057e-06,0.6881646111150617
cell_fear_anxiety__markets_themselves,QQQ__fwd_3m,329,0.2812369367138223,2.1391411073129277e-07,0.09462624061316394,3.355502160088126e-06,0.3014953362795816
emo_anger_disgust,^GSPC__fwd_3m,329,0.281136799786507,2.1613540483659425e-07,0.5732503826117746,3.355502160088126e-06,0.6691512924847971
cell_fear_anxiety__markets_themselves,^IXIC__fwd_3m,329,0.279213874361482,2.6335245692441385e-07,0.046243817023792745,3.9694084462224656e-06,0.220554434492371
share_confusion_uncertainty,BTC-USD__fwd_3m,329,-0.27902606840828664,2.684624069908914e-07,0.22438653901609762,3.9694084462224656e-06,0.41104436793214344
emo_surprise,QQQ__fwd_3m,329,0.2772740773058786,3.2095505891762775e-07,0.07366143517910081,4.635188176461554e-06,0.27084925296054685
emo_excitement_euphoria,ETH-USD__fwd_3m,329,0.27451811320637104,4.2399960602333145e-07,0.048544113372837115,5.984176257738383e-06,0.22256847432199683
emo_surprise,^IXIC__fwd_3m,329,0.2717765901827602,5.576251307938983e-07,0.04215088377921307,7.695226804955796e-06,0.20969525811331866
emo_optimism_confidence,SPY__fwd_3m,329,0.2708612353887936,6.106284970743144e-07,0.5461979603583841,8.243484710503245e-06,0.654804890699916
cell_fear_anxiety__markets_themselves,SPY__fwd_3m,329,0.2691818514711368,7.20694246288683e-07,0.03999865242577019,9.522364403090896e-06,0.20699302630336075
emo_optimism_confidence,^GSPC__fwd_3m,329,0.2685778931185426,7.647444263449438e-07,0.525611478859483,9.812499004613189e-06,0.6387568069897044
share_confusion_uncertainty,ETH-USD__fwd_3m,329,-0.26845188248525004,7.742551549533757e-07,0.1487494646205217,9.812499004613189e-06,0.353953717623069
emo_fear_anxiety,QQQ__fwd_1m,329,0.2681687316560117,7.960416103594247e-07,0.11918237809361737,9.886836800664055e-06,0.32938043485315516
emo_fear_anxiety,^IXIC__fwd_1m,329,0.2666895925774693,9.197464189284056e-07,0.1203073615696396,1.1199265218716467e-05,0.32938043485315516
cell_fear_anxiety__markets_themselves,^GSPC__fwd_3m,329,0.26385746237359253,1.2098659792841073e-06,0.035159558600477696,1.4448591791065975e-05,0.19849168991724225
cell_optimism_confidence__growth_gdp,SPY__fwd_3m,329,0.26330971476038706,1.2752865660345541e-06,0.11657137032281302,1.494250863221619e-05,0.32938043485315516
cell_anger_disgust__fiscal_taxes,BTC-USD__fwd_3m,329,0.2628717840935058,1.3300141934341481e-06,0.009177295241704237,1.5295163224492704e-05,0.13224500077974471
emo_surprise,SPY__fwd_3m,329,0.2602558449737354,1.7068021607898965e-06,0.01509003985850511,1.905892873209091e-05,0.14687901151430865
cell_optimism_confidence__growth_gdp,^GSPC__fwd_3m,329,0.2601827133104606,1.7186795636024008e-06,0.1172936315887628,1.905892873209091e-05,0.32938043485315516
emo_surprise,^GSPC__fwd_3m,329,0.2585550055022188,2.004441922615958e-06,0.014935921328094024,2.1506274719782425e-05,0.14687901151430865
emo_pessimism_despair,QQQ__fwd_1m,329,0.2585328019101689,2.0086375744724325e-06,0.009459047462586363,2.1506274719782425e-05,0.13224500077974471
emo_confusion_uncertainty,ETH-USD__fwd_3m,329,0.2574395499597786,2.225930772405256e-06,0.3413771692543278,2.3428864570570575e-05,0.5081449553587706
emo_pessimism_despair,^IXIC__fwd_1m,329,0.2568453407903775,2.3532812119808672e-06,0.009226404225044683,2.4356460544001977e-05,0.13224500077974471
emo_excitement_euphoria,GLD__fwd_3m,329,0.2563142586228531,2.472969702210713e-06,0.5911365379825771,2.5175642378243486e-05,0.6785504437840673
cell_anger_disgust__fiscal_taxes,ETH-USD__fwd_1m,329,0.2558815635974785,2.57476342130711e-06,0.019442883255114066,2.54868969989427e-05,0.1475894715500421
emo_excitement_euphoria,GC=F__fwd_3m,329,0.2558363541102035,2.5856272317767958e-06,0.6407195175622782,2.54868969989427e-05,0.7042244608958845
emo_fear_anxiety,SPY__fwd_1m,329,0.25541623238648814,2.6886985171936823e-06,0.0550530449767771,2.6088777799644947e-05,0.22869711767284615
cell_fear_anxiety__monetary_policy,SPY__fwd_3m,329,0.2538855781404226,3.0984325469588086e-06,0.06606160004886,2.929784461860174e-05,0.25964717487558264
net_valence,ETH-USD__fwd_1m,329,-0.25383207823480725,3.113780587484243e-06,0.003986405857173277,2.929784461860174e-05,0.13224500077974471
emo_fear_anxiety,^GSPC__fwd_1m,329,0.2528056953251446,3.4226701867961605e-06,0.06459168210948679,3.172355501493158e-05,0.2554868445222376
cell_fear_anxiety__monetary_policy,^GSPC__fwd_3m,329,0.2523045427128213,3.5839158293711663e-06,0.0670372691805029,3.272958426528668e-05,0.26048850332797535
emo_anger_disgust,ETH-USD__fwd_1m,329,0.25050186086244763,4.225974129934531e-06,0.0037714967894262046,3.803376716941078e-05,0.13224500077974471
cell_fear_anxiety__monetary_policy,^IXIC__fwd_3m,329,0.24871496507749816,4.969761865290686e-06,0.11694322566728503,4.408888740493594e-05,0.32938043485315516
cell_anger_disgust__fiscal_taxes,QQQ__fwd_1m,329,0.24711310005579215,5.741210109662906e-06,0.3862537357444835,4.993212349944514e-05,0.5443816293791716
cell_anger_disgust__fiscal_taxes,^IXIC__fwd_1m,329,0.2470203000196391,5.7892317100805965e-06,0.3219594423322159,4.993212349944514e-05,0.49367114490939773
emo_pessimism_despair,SPY__fwd_1m,329,0.24681962257179577,5.894388902490048e-06,0.003636888438195128,5.014267819789479e-05,0.13224500077974471
emo_anger_disgust,BTC-USD__fwd_3m,329,0.2453368716359649,6.72971495786421e-06,0.04127078307540896,5.647504038964425e-05,0.20836712430755258
emo_pessimism_despair,^GSPC__fwd_1m,329,0.2451697290616341,6.830651307344926e-06,0.004232799169957917,5.655779282481599e-05,0.13224500077974471
net_valence,QQQ__fwd_1m,329,-0.24482276764738106,7.0447998558512045e-06,0.08119904974347406,5.7195210738303995e-05,0.283284325228637
cell_fear_anxiety__monetary_policy,SPY__fwd_1m,329,0.2446700179615986,7.141091552451316e-06,0.15904369848127148,5.7195210738303995e-05,0.35784832158286084
net_valence,BTC-USD__fwd_3m,329,-0.24460267670167682,7.18393951302369e-06,0.030347890469419977,5.7195210738303995e-05,0.18121192289913277
net_valence,^IXIC__fwd_1m,329,-0.24353014328369066,7.900254438356449e-06,0.08391393668929661,6.2102000078726e-05,0.28790361703896794
cell_fear_anxiety__monetary_policy,^GSPC__fwd_1m,329,0.24259247709559426,8.581713566586532e-06,0.160045193860928,6.661555156062797e-05,0.35880168009977
emo_pessimism_despair,BTC-USD__fwd_3m,329,0.24174177627744914,9.24803593316904e-06,0.05174408231650501,7.090160882096264e-05,0.22386988957645665
cell_fear_anxiety__monetary_policy,QQQ__fwd_3m,329,0.24002610306829303,1.0744467902968528e-05,0.1299063691897199,8.136968985052994e-05,0.33397101833397147
emo_fear_anxiety,ETH-USD__fwd_3m,329,0.23957779022209166,1.1171868332219439e-05,0.255080976353579,8.358711125672616e-05,0.44371228659824247
emo_surprise,ETH-USD__fwd_3m,329,0.23734894801388484,1.3547627792207773e-05,0.0412411250571246,0.00010015567689239319,0.20836712430755258
net_valence,SPY__fwd_1m,329,-0.2328909360471955,1.9812127308145575e-05,0.06723326968801607,0.00014474507127480474,0.26048850332797535
net_valence,^GSPC__fwd_1m,329,-0.2319192827861005,2.150217892962929e-05,0.07527430132985785,0.00015526573389883474,0.2749725948578925
share_confusion_uncertainty,QQQ__fwd_3m,329,-0.2294826640004758,2.6361299050132775e-05,0.17356122117265607,0.0001881651345992236,0.3660749863055432
emo_pessimism_despair,ETH-USD__fwd_1m,329,0.22752056817940997,3.101180843015261e-05,0.015981225725703534,0.00021884469358096333,0.14687901151430865
share_confusion_uncertainty,^IXIC__fwd_3m,329,-0.22585602252854803,3.555532129316828e-05,0.26141231645849766,0.00024808825306806183,0.448444885416373
cell_optimism_confidence__corporate_earnings,^IXIC__fwd_3m,329,0.22410516260800764,4.100952704708324e-05,0.29033506717037005,0.00028296573662487436,0.468306692760519
cell_anger_disgust__fiscal_taxes,SPY__fwd_1m,329,0.22386976599281364,4.1800415058639415e-05,0.266163032172554,0.00028525338188368214,0.4528417615867289
cell_anger_disgust__fiscal_taxes,^GSPC__fwd_1m,329,0.22330594734188527,4.3753710437179544e-05,0.284803033661417,0.0002953375454509619,0.4682335397749045
cell_fear_anxiety__monetary_policy,QQQ__fwd_1m,329,0.21832993814679377,6.514519772358868e-05,0.2243581758302733,0.0004350018041542857,0.41104436793214344
cell_fear_anxiety__monetary_policy,^IXIC__fwd_1m,329,0.2170011278033293,7.234112354233441e-05,0.1832905953236353,0.00047791316723180496,0.3781510288902908
emo_anger_disgust,QQQ__fwd_1m,329,0.2147961799835837,8.595651039807801e-05,0.17001874431571684,0.0005618841363916467,0.3640746214484833
cell_optimism_confidence__growth_gdp,QQQ__fwd_1m,329,0.2144700825530237,8.816382892071317e-05,0.0519486705124338,0.0005703097683308634,0.22386988957645665
emo_anger_disgust,^IXIC__fwd_1m,329,0.2138610807629791,9.24295291187575e-05,0.17390035581342228,0.0005917395627087464,0.3660749863055432
cell_optimism_confidence__growth_gdp,^IXIC__fwd_1m,329,0.2123099615572055,0.00010418717060931456,0.04588755673262492,0.000660206458656983,0.220554434492371
cell_optimism_confidence__corporate_earnings,QQQ__fwd_3m,329,0.21185073494699114,0.00010792909975675519,0.14657693772622052,0.0006770098075651007,0.35280728034101916
emo_confusion_uncertainty,SPY__fwd_1m,329,0.20907058868802073,0.0001334171943506821,0.1728410403666493,0.0008285207769177359,0.3660749863055432
emo_confusion_uncertainty,QQQ__fwd_1m,329,0.20843213872153032,0.00014001896282803662,0.14547567862156405,0.0008609086724377301,0.3519033402902329
emo_optimism_confidence,ETH-USD__fwd_1m,329,0.20678288915354628,0.00015851782333343284,0.06804293762463504,0.0009650938067653117,0.2608312608944343
emo_confusion_uncertainty,^GSPC__fwd_1m,329,0.20623238751437817,0.00016518588662818015,0.1663685428135712,0.0009959265591854356,0.3625082985516762
share_pessimism_despair,^VIX__fwd_3m,329,-0.20559981197507712,0.0001731721418570704,0.31543484162893337,0.0010340375008965454,0.49152303344634946
emo_optimism_confidence,BTC-USD__fwd_3m,329,0.20467974592561586,0.0001854352204801773,0.09219478075545465,0.0010967168754113343,0.3013313623638807
share_anger_disgust,^VIX__fwd_3m,329,0.204132533295389,0.00019310926691332788,0.2204234428112691,0.0011307379645700845,0.41079746389035715
emo_confusion_uncertainty,^IXIC__fwd_1m,329,0.20401268151282675,0.00019482924671336397,0.12532203124835536,0.0011307379645700845,0.3334818847532009
emo_anger_disgust,SPY__fwd_1m,329,0.2035848294255346,0.00020108688925948775,0.16787518789864347,0.0011562496132420546,0.3640746214484833
emo_pessimism_despair,GLD__fwd_3m,329,0.20302997719163812,0.00020948209441230925,0.1780988233144943,0.0011934713819270095,0.37120088775589705
cell_optimism_confidence__growth_gdp,GC=F__fwd_1m,329,0.20285334761894971,0.00021222261174512133,0.00754834615964485,0.0011973909120286405,0.13224500077974471
emo_anger_disgust,^GSPC__fwd_1m,329,0.2027382514953215,0.00021402639490367004,0.1832313006952369,0.0011973909120286405,0.3781510288902908
emo_fear_anxiety,ETH-USD__fwd_1m,329,0.2020176772707489,0.00022564893552935503,0.16192661079949017,0.0012511427586047274,0.3604795596379018
emo_pessimism_despair,GC=F__fwd_3m,329,0.20009049645067065,0.00025969620737153944,0.11270075162653566,0.001427180042280761,0.32938043485315516
cell_optimism_confidence__corporate_earnings,GLD__fwd_3m,329,0.19960551645942165,0.0002689894355974647,0.49536033201585994,0.0014652845570703996,0.6178792649704572
emo_confusion_uncertainty,ETH-USD__fwd_1m,329,0.1974303244270649,0.0003146158075356998,0.03626552003298437,0.001698925360692779,0.20105714620879578
cell_fear_anxiety__markets_themselves,GC=F__fwd_1m,329,0.1964454607655031,0.0003375615089698093,0.13876880297292374,0.0018071180781918238,0.3433283930126918
emo_surprise,ETH-USD__fwd_1m,329,0.1963240387598166,0.00034049594134203336,0.008031077531342226,0.0018072476886615617,0.13224500077974471
cell_fear_anxiety__markets_themselves,GC=F__fwd_3m,329,0.1938865082184342,0.00040467038308698866,0.1841668580249765,0.002129663626245932,0.3787007246142729
cell_optimism_confidence__growth_gdp,GLD__fwd_1m,329,0.19314658600226645,0.00042627225236080955,0.004539922525675815,0.002224496375765233,0.13224500077974471
cell_optimism_confidence__corporate_earnings,GC=F__fwd_3m,329,0.19283835703158708,0.00043558325693145085,0.7978370570369392,0.002254143354620258,0.8207691227764766
emo_excitement_euphoria,BTC-USD__fwd_3m,329,0.1916512649566485,0.00047323707081270644,0.11055894558030857,0.0024287621568156257,0.32850289571948144
cell_optimism_confidence__corporate_earnings,SPY__fwd_1m,329,0.1913855811363125,0.0004820683062549461,0.4814359834593456,0.002453806706428865,0.6101464198535789
cell_fear_anxiety__markets_themselves,GLD__fwd_3m,329,0.19065959525930376,0.0005069861335082968,0.1865650807421494,0.002559661698444328,0.3792741100659039
cell_optimism_confidence__corporate_earnings,GLD__fwd_1m,329,0.1905255415074409,0.0005117159554062548,0.3156059853704381,0.002562706518607131,0.49152303344634946
cell_optimism_confidence__corporate_earnings,^IXIC__fwd_1m,329,0.19006419374587713,0.0005283084205956881,0.31204393536701636,0.0026246362335193784,0.4905804654757396
cell_optimism_confidence__corporate_earnings,^GSPC__fwd_1m,329,0.1896286426018524,0.0005444297847591279,0.5179082111513386,0.002675739185668237,0.6368732655940224
cell_optimism_confidence__corporate_earnings,SPY__fwd_3m,329,0.18955467860383163,0.0005472123616422964,0.6228742314840575,0.002675739185668237,0.699466361214466
cell_optimism_confidence__corporate_earnings,^GSPC__fwd_3m,329,0.18835680814002095,0.000594153330202407,0.6153267964589482,0.0028825720160601154,0.6956319899532418
emo_pessimism_despair,GLD__fwd_1m,329,0.18729486584309293,0.0006388599604703859,0.2864986211522725,0.0030754421352876715,0.4682335397749045
share_confusion_uncertainty,^GSPC__fwd_3m,329,-0.18597454771920235,0.0006987851924199243,0.31013090931431236,0.003338043111482869,0.48881039259946185
emo_pessimism_despair,GC=F__fwd_1m,329,0.18477133334827148,0.0007578823510643763,0.21456893808148528,0.003592709465732654,0.40624180045305597
cell_optimism_confidence__growth_gdp,SPY__fwd_1m,329,0.1842581232951392,0.0007844674990811316,0.17660094941140253,0.0036905630070407786,0.37050401886648976
share_confusion_uncertainty,SPY__fwd_3m,329,-0.1839063605184549,0.0008031842620728982,0.32434954001681865,0.0037502062161448853,0.4955189099352821
net_valence,GLD__fwd_3m,329,-0.18305637464119853,0.0008501262430877533,0.405796200133904,0.003939764156399215,0.556549810242174
net_valence,GC=F__fwd_3m,329,-0.18238795678137287,0.0008888058229335097,0.4036155488517154,0.004088506785494145,0.556549810242174
cell_optimism_confidence__growth_gdp,^GSPC__fwd_1m,329,0.18167583703503626,0.0009317961003472352,0.18612884151018175,0.004245865501596202,0.3792741100659039
cell_optimism_confidence__corporate_earnings,ETH-USD__fwd_1m,329,0.1815967260374164,0.0009366885245067306,0.025129853566879603,0.004245865501596202,0.16456020749304617
cell_fear_anxiety__markets_themselves,SPY__fwd_1m,329,0.18081129831710235,0.00098656274987557,0.01868112311777936,0.004439532374440065,0.1473832174357401
cell_optimism_confidence__corporate_earnings,QQQ__fwd_1m,329,0.18053746549106164,0.0010045186224841003,0.282353568369319,0.004487813414119614,0.4675775092195923
emo_excitement_euphoria,GC=F__fwd_1m,329,0.18007090436669837,0.001035807250840088,0.04781312921410167,0.004594545019797819,0.22256847432199683
net_valence,GLD__fwd_1m,329,-0.17993870193129874,0.0010448348753943405,0.1305834794702046,0.004601719557587839,0.33397101833397147
cell_optimism_confidence__corporate_earnings,GC=F__fwd_1m,329,0.1791265019275815,0.0011019060303833386,0.22182815721721005,0.004818898907521502,0.41079746389035715
emo_excitement_euphoria,ETH-USD__fwd_1m,329,0.17754707410302148,0.001221183998509001,0.01736069488525843,0.005303183657860766,0.14687901151430865
net_valence,GC=F__fwd_1m,329,-0.17716175456225663,0.001252030759054162,0.12488010120750342,0.005399382648421074,0.3334818847532009
net_valence,BTC-USD__fwd_1m,329,-0.17461093265237201,0.001474978960809463,0.03246545415688115,0.006275471981318205,0.1901985569002188
cell_fear_anxiety__markets_themselves,^GSPC__fwd_1m,329,0.17460653684332317,0.0014753927685546826,0.016638764524525642,0.006275471981318205,0.14687901151430865
share_confusion_uncertainty,ETH-USD__fwd_1m,329,-0.1743107490812083,0.0015034832046327275,0.0251742668467623,0.006351449456305604,0.16456020749304617
emo_pessimism_despair,GC=F__fwd_1w,329,0.17358715291615162,0.0015742815489594847,0.08957423525849773,0.006605600283134054,0.3006789194352816
cell_optimism_confidence__corporate_earnings,ETH-USD__fwd_3m,329,0.17296809028781143,0.0016372634189474103,0.08173158131707843,0.006823762303129811,0.2835492290385794
emo_surprise,BTC-USD__fwd_3m,329,0.1727189582604565,0.0016632544768406786,0.14718271448372042,0.006885873534120409,0.35289755094359215
share_pessimism_despair,^GSPC__fwd_3m,329,0.17213136202429796,0.0017260597207963062,0.23449804902082846,0.007098563487513285,0.41845772540785764
share_confusion_uncertainty,GC=F__fwd_3m,329,-0.17173597732972568,0.0017695343433296385,0.8292189122560762,0.007229479126366484,0.8427904165483197
emo_excitement_euphoria,GLD__fwd_1m,329,0.1716051875414921,0.0017841344492828164,0.04998628364661167,0.007241486882383195,0.22386988957645665
cell_fear_anxiety__inflation,BTC-USD__fwd_3m,329,-0.1714263565813478,0.0018042758129005365,0.6907829916796986,0.007265195224891566,0.7345483524539261
emo_anger_disgust,GLD__fwd_3m,329,0.17126855981222625,0.001822220664293297,0.5449830132977601,0.007265195224891566,0.654804890699916
emo_anger_disgust,GC=F__fwd_3m,329,0.17124360731543667,0.001825073196591118,0.5539919824728794,0.007265195224891566,0.6548293997672464
cell_anger_disgust__fiscal_taxes,BTC-USD__fwd_1m,329,0.17110445831053409,0.0018410555379804736,0.10284851516003063,0.007282136873158433,0.317704986056131
share_confusion_uncertainty,BTC-USD__fwd_1m,329,-0.17095128518908362,0.001858796588935989,0.015825968129076433,0.007305776466640817,0.14687901151430865
share_confusion_uncertainty,GLD__fwd_3m,329,-0.17070372106111262,0.0018878011305696527,0.7506191505811187,0.007373110075998454,0.7847382028802604
cell_fear_anxiety__markets_themselves,GLD__fwd_1m,329,0.16980560543412573,0.0019965316577962985,0.10361778521582186,0.007749038496821885,0.317704986056131
emo_confusion_uncertainty,GLD__fwd_3m,329,0.1694791567531448,0.0020374503185129674,0.6939206917367575,0.007858736942835731,0.7353664668404888
share_pessimism_despair,SPY__fwd_3m,329,0.16928044789703106,0.0020627309828941225,0.2270822432897819,0.007907135434427469,0.41354273631364974
emo_anger_disgust,BTC-USD__fwd_1m,329,0.16908842158762924,0.00208743329326402,0.03869921324195315,0.007952736657159242,0.20540351643805901
emo_pessimism_despair,GLD__fwd_1w,329,0.16856456781844023,0.0021562016407403284,0.12409493537305782,0.008164641578656975,0.3334818847532009
cell_fear_anxiety__monetary_policy,^VIX__fwd_1m,329,-0.16804917140067696,0.0022258713651739947,0.596269708040448,0.00837737041074576,0.6794192453084738
emo_confusion_uncertainty,GC=F__fwd_3m,329,0.16738794094472081,0.0023182604775233403,0.6861332545439495,0.008672528653867435,0.7333713443576465
cell_fear_anxiety__monetary_policy,GLD__fwd_1m,329,0.1672573231976015,0.002336919150571537,0.46001196754824364,0.008689980793442662,0.5877930696449779
cell_fear_anxiety__markets_themselves,QQQ__fwd_1m,329,0.1670519003306943,0.002366540773597216,0.029454509754109428,0.008747748930975425,0.18003264944335362
cell_fear_anxiety__monetary_policy,GC=F__fwd_1m,329,0.16425656446553344,0.0028050902847167034,0.5076952438806847,0.010307461933781497,0.6280453116531975
cell_optimism_confidence__growth_gdp,ETH-USD__fwd_3m,329,0.16319217704720387,0.0029906423770953657,0.24184129371871244,0.010924640683389542,0.4266575096571603
emo_anger_disgust,GLD__fwd_1m,329,0.16298922596409687,0.0030272626406196677,0.11038488738425387,0.010993743273829319,0.32850289571948144
net_valence,GC=F__fwd_1w,329,-0.16253649304092993,0.003110424586915433,0.09126548012366789,0.011230079467874906,0.3013313623638807
net_valence_mean,QQQ__fwd_3m,329,-0.16122751724197545,0.0033626632356882065,0.5540840455129753,0.01207060040093859,0.6548293997672464
emo_anger_disgust,GC=F__fwd_1m,329,0.16090207950514543,0.0034281867240581647,0.11321784772665612,0.012235080204828276,0.32938043485315516
net_valence,GLD__fwd_1w,329,-0.16074725683623822,0.00345976292654563,0.13154462746177573,0.012277215870770493,0.33397101833397147
emo_pessimism_despair,BTC-USD__fwd_1m,329,0.15984648087044753,0.003648760233135919,0.013234351334191806,0.012857083772233801,0.14687901151430865
emo_fear_anxiety,GLD__fwd_1m,329,0.15977301451963247,0.0036645794326656727,0.6359702713850497,0.012857083772233801,0.7041349001452563
share_excitement_euphoria,^VIX__fwd_3m,329,-0.15909864631103,0.0038127145071416213,0.07893428660028187,0.013281987507071028,0.2802288390763688
emo_optimism_confidence,^IXIC__fwd_1m,329,0.15901548159615733,0.0038313531754109727,0.1326927066981342,0.013281987507071028,0.33397101833397147
emo_fear_anxiety,GC=F__fwd_1m,329,0.15893330429971977,0.003849851451324936,0.7315202171404088,0.013281987507071028,0.7660608007490621
emo_optimism_confidence,QQQ__fwd_1m,329,0.15808094241158527,0.004046538293180072,0.165468520053237,0.013883426961684113,0.3625082985516762
cell_fear_anxiety__monetary_policy,ETH-USD__fwd_3m,329,0.15706213693284612,0.0042935172469261255,0.875412424969726,0.014649858298577604,0.8796619998482199
net_valence_mean,^IXIC__fwd_3m,329,-0.15680810058884734,0.004357183021717382,0.6567202966257334,0.014785850581893412,0.7167369142435509
emo_excitement_euphoria,^VIX__fwd_3m,329,-0.15629514627632943,0.004488341200527024,0.2016852271022379,0.015148151551778706,0.3963497659192713
cell_fear_anxiety__markets_themselves,^IXIC__fwd_1m,329,0.15582519502808878,0.004611618051380544,0.026171887579467548,0.015480080053553072,0.16899808006496633
emo_fear_anxiety,GC=F__fwd_1w,329,0.15553400162562223,0.0046895266972801,0.20068595781710033,0.015656968166725495,0.3963497659192713
share_pessimism_despair,^IXIC__fwd_3m,329,0.15498058141691654,0.004840870603839535,0.6285765509485574,0.016075832326119525,0.7020612196745578
emo_confusion_uncertainty,BTC-USD__fwd_3m,329,0.1516905008173916,0.00583494384077833,0.048205556931782224,0.01927393683576246,0.22256847432199683
emo_optimism_confidence,SPY__fwd_1m,329,0.15062523973785183,0.006194012411568535,0.26985622139610627,0.02035175506658233,0.45473082193328856
emo_surprise,GC=F__fwd_3m,329,0.15012909617106696,0.006367909956626524,0.6927624331054817,0.020769674341035597,0.7353664668404888
emo_surprise,GLD__fwd_3m,329,0.1500722916711198,0.006388096294907889,0.6596590141179329,0.020769674341035597,0.718681136433748
cell_fear_anxiety__monetary_policy,GC=F__fwd_1w,329,0.14978099271396808,0.006492517107896264,0.08848767440636375,0.020999235020851978,0.3003737328297284
emo_confusion_uncertainty,GC=F__fwd_1m,329,0.149473957369834,0.006604230825210261,0.11445030420839045,0.021249882603396747,0.32938043485315516
emo_optimism_confidence,^GSPC__fwd_1m,329,0.1486231109069479,0.00692285213697042,0.2638237412600627,0.022160263799271294,0.4513348300895287
emo_confusion_uncertainty,GLD__fwd_1m,329,0.14767054218156794,0.007295815199082776,0.04546087668992641,0.023234365326309764,0.220554434492371
emo_excitement_euphoria,BTC-USD__fwd_1m,329,0.14591908533729128,0.008028665346926115,0.08291254690627606,0.02543776112469958,0.2860482868266524
share_confusion_uncertainty,GLD__fwd_1m,329,-0.1454038320282187,0.00825640379784268,0.15365202723036042,0.02602653176883403,0.353953717623069
mean_intensity,^VIX__fwd_3m,329,-0.1452995328725931,0.00830319744145061,0.4232651897136478,0.02604184652091328,0.5628430038804609
emo_optimism_confidence,GLD__fwd_3m,329,0.14412504627624528,0.008846663862825406,0.4620453521218406,0.027606925923691343,0.5891789808370904
emo_anger_disgust,GC=F__fwd_1w,329,0.14367409636086792,0.009063592430555401,0.11484019877033118,0.02814245449687452,0.32938043485315516
emo_anger_disgust,GLD__fwd_1w,329,0.1434590160179265,0.009168711654812966,0.1621346418832553,0.02832721362009379,0.3604795596379018
cell_fear_anxiety__monetary_policy,GLD__fwd_1w,329,0.14236172701725588,0.009722044684921554,0.09995530609378298,0.029835488022092942,0.31349618729413753
emo_fear_anxiety,GLD__fwd_1w,329,0.1423020204647758,0.009752985617527967,0.25909469817007125,0.029835488022092942,0.44818330797664135
cell_optimism_confidence__corporate_earnings,BTC-USD__fwd_3m,329,0.14145930128381998,0.010199109014776001,0.7695270919191372,0.03098532856116975,0.7977901904537299
emo_optimism_confidence,GC=F__fwd_3m,329,0.14140465775417005,0.010228651135329789,0.3543656969081201,0.03098532856116975,0.5224369363520528
share_pessimism_despair,QQQ__fwd_3m,329,0.1406082742862658,0.01066788955272933,0.8091080932043675,0.03215902627303356,0.8291355212539806
emo_surprise,QQQ__fwd_1m,329,0.14009846693248848,0.01095775840028268,0.060006177826959016,0.03287327520084804,0.2388707463496253
net_valence_mean,^IXIC__fwd_1m,329,-0.13868130504697665,0.011800457133177136,0.3968051250106263,0.035231172498572126,0.5542209621671
cell_optimism_confidence__corporate_earnings,BTC-USD__fwd_1m,329,0.13842398349559504,0.011959462649776546,0.45771037797863207,0.03553505409335519,0.586058030360269
share_confusion_uncertainty,GC=F__fwd_1m,329,-0.13825734184062516,0.01206344070393267,0.21927664521182794,0.0356733175102009,0.41079746389035715
mean_intensity,QQQ__fwd_3m,329,0.1379013865936354,0.012288218418895498,0.4974873308940879,0.036165799232863054,0.6178792649704572
mean_intensity,^GSPC__fwd_3m,329,0.1367451424788324,0.01304404936013698,0.3030982490954827,0.038209220059646526,0.48145809582623317
net_valence_mean,QQQ__fwd_1m,329,-0.1357952188211057,0.013695333845594675,0.3205928294698275,0.039928649380818276,0.49279244331871996
net_valence_mean,GLD__fwd_1m,329,-0.13565346086320998,0.013794938019223185,0.7849652342427386,0.04003110518662429,0.8110872054321808
net_valence_mean,^GSPC__fwd_1m,329,-0.1350663938884372,0.01421424262582885,0.6652253070762427,0.04105602172390566,0.7222113910740328
emo_fear_anxiety,GLD__fwd_3m,329,0.13460868878386803,0.014548876553157388,0.1420567455082224,0.041828020090327496,0.34868473897472774
emo_surprise,^IXIC__fwd_1m,329,0.13436607964004255,0.014729039401436555,0.0716389388386971,0.04215084547600047,0.26847192579889584
mean_intensity,^IXIC__fwd_3m,329,0.13348563839589858,0.015399404422900593,0.37663034242709226,0.04386711076431774,0.5370986279006638
mean_intensity,SPY__fwd_3m,329,0.13339259246000154,0.01547178753081989,0.3031466164960159,0.04387205505314681,0.48145809582623317
net_valence_mean,SPY__fwd_1m,329,-0.13244315267487966,0.01622758941251864,0.6625737991937525,0.04580605920533671,0.7205925206643088
emo_fear_anxiety,BTC-USD__fwd_3m,329,0.13143420046142418,0.017065974403436077,0.14069413123474628,0.047954615857619017,0.3467105376856247
emo_surprise,SPY__fwd_1m,329,0.1310386653025563,0.017404823387569837,0.037838330808244364,0.04850323081099604,0.2025655468268944
emo_fear_anxiety,GC=F__fwd_3m,329,0.13102408648262626,0.01741742426868296,0.09792557475200384,0.04850323081099604,0.3102641934744611
emo_fear_anxiety,QQQ__fwd_1w,329,0.13044621216920438,0.017923352487440546,0.009715290507323896,0.049689294172770446,0.13224500077974471
mean_intensity,GC=F__fwd_3m,329,0.13025847421604247,0.018090451963334947,0.9227354121049851,0.04990013853127824,0.924223695027735
cell_fear_anxiety__monetary_policy,^VIX__fwd_3m,329,-0.1301806534972205,0.018160114827808185,0.8280771828403487,0.04990013853127824,0.8427904165483197
emo_fear_anxiety,^IXIC__fwd_1w,329,0.12977461410009244,0.018527395100103435,0.014908835517708144,0.05068507646327856,0.14687901151430865
emo_fear_anxiety,SPY__fwd_1w,329,0.12965213443691467,0.018639446040033116,0.015031032149592512,0.05070249654930595,0.14687901151430865
cell_anger_disgust__fiscal_taxes,ETH-USD__fwd_1w,329,0.1295894121639496,0.01869705589338335,0.0003708679282319916,0.05070249654930595,0.08317368063802603
emo_surprise,^GSPC__fwd_1m,329,0.12934604965783736,0.01892205263250306,0.04254686396502118,0.05091482676264914,0.20969525811331866
mean_intensity,GLD__fwd_3m,329,0.12932746449928287,0.018939331694318762,0.9527453844229496,0.05091482676264914,0.9527453844229496
net_valence_mean,GC=F__fwd_1m,329,-0.12892872747693865,0.019313369453471105,0.8664178080040053,0.05169656220088602,0.8720347792066244
cell_anger_disgust__fiscal_taxes,BTC-USD__fwd_1w,329,0.12751194622844456,0.020694848629249606,0.004986695610883104,0.05515665664705582,0.13224500077974471
share_fear_anxiety,BTC-USD__fwd_3m,329,-0.12740508669127412,0.020802439890357276,0.4208322465444588,0.05520647509364046,0.5612609134665568
emo_fear_anxiety,^GSPC__fwd_1w,329,0.12719927695138586,0.0210110270452114,0.015519852266366749,0.05552275657479267,0.14687901151430865
emo_excitement_euphoria,QQQ__fwd_1m,329,0.12700099032794307,0.021213702979295895,0.058316016724009184,0.05554047995981786,0.2351574440624007
emo_pessimism_despair,QQQ__fwd_1w,329,0.12699497788246908,0.02121987490583623,0.020656313423491904,0.05554047995981786,0.15270917423795802
net_valence_mean,^GSPC__fwd_3m,329,-0.12693061224914398,0.02128604545964034,0.5489304967757537,0.05554047995981786,0.6548293997672464
share_fear_anxiety,^VIX__fwd_3m,329,-0.1263681533866001,0.02187192807853812,0.8524654702242949,0.056830407266829176,0.860782206519166
cell_fear_anxiety__markets_themselves,ETH-USD__fwd_3m,329,0.126104795228344,0.022151021225503827,0.14348116513780834,0.057315767420991155,0.3494188374532509
emo_excitement_euphoria,^IXIC__fwd_1m,329,0.12578199670897816,0.02249730727235585,0.10329113781016487,0.05797023990096674,0.317704986056131
emo_pessimism_despair,^IXIC__fwd_1w,329,0.12511459516174966,0.02322814998587943,0.01874923378007,0.05954120107610759,0.1473832174357401
share_fear_anxiety,^VIX__fwd_1m,329,-0.12493336768624289,0.023430112331387903,0.07871004513903891,0.05954120107610759,0.2802288390763688
share_excitement_euphoria,GLD__fwd_3m,329,0.12481651025978632,0.0235611428383127,0.4068818258453253,0.05954120107610759,0.556549810242174
net_valence_mean,SPY__fwd_3m,329,-0.12480584587701295,0.023573132110459864,0.5480733353509842,0.05954120107610759,0.6548293997672464
cell_fear_anxiety__inflation,^VIX__fwd_1m,329,-0.12479407673475715,0.02358636950840977,0.3589426710510206,0.05954120107610759,0.5244785852298443
share_excitement_euphoria,GC=F__fwd_3m,329,0.12451726659928863,0.023899569689981155,0.3770934005872615,0.06008758209505383,0.5370986279006638
emo_excitement_euphoria,SPY__fwd_1m,329,0.12419835277319206,0.024264853893421156,0.12118354079792656,0.060759976886348946,0.33006569664698415
cell_fear_anxiety__markets_themselves,GC=F__fwd_1w,329,0.12406840691421513,0.024415069618081764,0.07370937801985897,0.06089059531256536,0.27084925296054685
cell_fear_anxiety__monetary_policy,SPY__fwd_1w,329,0.12361504661336976,0.024945446625434655,0.0034528587814020174,0.061964489417579684,0.13224500077974471
emo_confusion_uncertainty,GC=F__fwd_1w,329,0.12307060239506348,0.025595478747706877,0.10618354464388126,0.0633258657463186,0.32323520207769735
emo_excitement_euphoria,^GSPC__fwd_1m,329,0.12259128872432393,0.026179769980804155,0.13480086961943183,0.06451443316698166,0.33484536013466865
cell_fear_anxiety__monetary_policy,^GSPC__fwd_1w,329,0.12151440492844715,0.02753449690351127,0.00372767032631279,0.06758467421770949,0.13224500077974471
share_surprise,ETH-USD__fwd_3m,329,-0.1208839692636062,0.028355189781431155,0.4954794074569637,0.06932508997743601,0.6178792649704572
emo_surprise,BTC-USD__fwd_1m,329,0.12053053699458882,0.028824395020699507,0.008648477886885636,0.07019587963864468,0.13224500077974471
emo_pessimism_despair,SPY__fwd_1w,329,0.11984290047135927,0.029756367241768944,0.01698102471344879,0.07218243772319732,0.14687901151430865
emo_pessimism_despair,^VIX__fwd_3m,329,-0.11913189306594953,0.030747016076913138,0.6980545251884047,0.0742953190029691,0.7384869849097093
share_surprise,^IXIC__fwd_3m,329,-0.11841800139903763,0.03176990868801803,0.11249881933576399,0.07646943137697362,0.32938043485315516
emo_confusion_uncertainty,BTC-USD__fwd_1m,329,0.11828829437039479,0.03195884261947131,0.004448635186964798,0.07662718635788295,0.13224500077974471
cell_fear_anxiety__inflation,BTC-USD__fwd_1w,329,-0.11737733794110694,0.03331296206373455,0.427397825550614,0.07956672862145828,0.5671240377498532
emo_pessimism_despair,^GSPC__fwd_1w,329,0.11693717622778982,0.03398457392905486,0.01753101396473822,0.08085984831395811,0.14687901151430865
mean_intensity,^VIX__fwd_1m,329,-0.1163221829940153,0.03494222054794595,0.1990737664116563,0.0828210647338719,0.3962333619924313
share_fear_anxiety,QQQ__fwd_1m,329,0.11587443147395833,0.035653787067575854,0.051244704504756385,0.0841863185131734,0.22386988957645665
cell_optimism_confidence__growth_gdp,BTC-USD__fwd_3m,329,0.1153421161356377,0.03651571543980486,0.5494354634320552,0.08589492154590463,0.6548293997672464
emo_fear_anxiety,BTC-USD__fwd_1m,329,0.11518197486319705,0.03677845025576139,0.22924158244715617,0.0861864815427465,0.4150408825063673
emo_optimism_confidence,BTC-USD__fwd_1m,329,0.11492542255561779,0.037202701438932645,0.03690904133301565,0.08685292328412471,0.20105714620879578
cell_fear_anxiety__inflation,^VIX__fwd_3m,329,-0.11456659248866902,0.037803036867360064,0.3961725976259196,0.0879239172083543,0.5542209621671
share_fear_anxiety,^IXIC__fwd_1m,329,0.11427470675645895,0.03829740349225246,0.03617988184785385,0.08874137152495813,0.20105714620879578
share_fear_anxiety,GC=F__fwd_3m,329,-0.11385950079269497,0.03901005608262196,0.1880736450318628,0.09005667222047672,0.3794478411565339
emo_confusion_uncertainty,GLD__fwd_1w,329,0.11364843796226273,0.03937659855925105,0.13473363736600127,0.0903771821174615,0.33484536013466865
cell_fear_anxiety__monetary_policy,GLD__fwd_3m,329,0.11361212048826104,0.03943996192243489,0.23111806701133894,0.0903771821174615,0.41601252062041005
cell_anger_disgust__fiscal_taxes,QQQ__fwd_1w,329,0.11316634942505485,0.04022474658822033,0.00173349130219509,0.09183664570325303,0.1196108998514612
cell_anger_disgust__fiscal_taxes,GC=F__fwd_1m,329,0.11218843908326463,0.04199263824943986,0.7311447353925287,0.09552171557839617,0.7660608007490621
cell_fear_anxiety__monetary_policy,ETH-USD__fwd_1m,329,0.11183732833420544,0.04264315264340208,0.20487164444779696,0.09664743719544777,0.4002375976543425
emo_surprise,GC=F__fwd_1m,329,0.11122014831701106,0.04380718167138904,0.4357709708540464,0.09892458115611852,0.5733342646194127
cell_fear_anxiety__inflation,BTC-USD__fwd_1m,329,-0.11095898939294492,0.044307720028891245,0.05225661667424822,0.09969237006500531,0.22386988957645665
cell_anger_disgust__fiscal_taxes,GLD__fwd_1m,329,0.11059884668480016,0.04500584465261167,0.6803761061020821,0.09995582025636919,0.7314542351916369
cell_fear_anxiety__monetary_policy,GC=F__fwd_3m,329,0.11053116912427452,0.0451380605505394,0.20140204561086741,0.09995582025636919,0.3963497659192713
emo_optimism_confidence,GC=F__fwd_1m,329,0.11048340321171013,0.045231572845998325,0.2068861012029693,0.09995582025636919,0.4002375976543425
cell_optimism_confidence__growth_gdp,GC=F__fwd_1w,329,0.11043182303057751,0.04533273491141116,0.06753405641836398,0.09995582025636919,0.26048850332797535
share_fear_anxiety,^VIX__fwd_1w,329,-0.11041300830906144,0.04536968266303896,0.16631626779104147,0.09995582025636919,0.3625082985516762
mean_intensity,GLD__fwd_1m,329,0.11040237981828116,0.0453905657202836,0.5537143485910423,0.09995582025636919,0.6548293997672464
share_optimism_confidence,GLD__fwd_1m,329,-0.11007744801678768,0.046032900418394106,0.6811305792366058,0.10101212423965632,0.7314542351916369
share_surprise,QQQ__fwd_3m,329,-0.10991374028164204,0.046359398741518155,0.15415613642004877,0.10137037541719288,0.353953717623069
net_valence,QQQ__fwd_1w,329,-0.10974591791387286,0.04669611547437879,0.013804743122238694,0.10174837792838326,0.14687901151430865
emo_optimism_confidence,GLD__fwd_1m,329,0.10912551226898513,0.0479587264807617,0.18819635277973018,0.10413415784808747,0.3794478411565339
share_fear_anxiety,QQQ__fwd_1w,329,0.10890878010943289,0.0484064833359852,0.09273395900359957,0.10474016080713174,0.3014953362795816
cell_anger_disgust__fiscal_taxes,GLD__fwd_1w,329,0.108404244837629,0.04946237741610875,0.3249890705976359,0.10665325130348449,0.4955189099352821
emo_excitement_euphoria,GC=F__fwd_1w,329,0.10830386090234763,0.04967473914376906,0.029025166951272698,0.10674052944041726,0.18003264944335362
mean_intensity,GC=F__fwd_1m,329,0.10806556281578253,0.050181907204790335,0.543009791063752,0.10745849784198205,0.654804890699916
share_fear_anxiety,GLD__fwd_3m,329,-0.1079081786433757,0.05051923005894375,0.2892079824535958,0.10778016776556885,0.468306692760519
cell_anger_disgust__fiscal_taxes,GC=F__fwd_1w,329,0.10783382866801268,0.050679241525839136,0.22591541586797215,0.10778016776556885,0.4126278625117962
emo_surprise,GLD__fwd_1m,329,0.10714541596483708,0.05218096978751953,0.40640490305427257,0.11050919349074494,0.556549810242174
net_valence,^IXIC__fwd_1w,329,-0.10708326070718063,0.052318362135714995,0.009349778357314395,0.11050919349074494,0.13224500077974471
cell_anger_disgust__fiscal_taxes,SPY__fwd_1w,329,0.1069734233050636,0.05256189062047974,0.0007514885085724934,0.11064723415362006,0.08317368063802603
cell_anger_disgust__fiscal_taxes,^IXIC__fwd_1w,329,0.10640647537059203,0.053833959201074415,0.0008648529479083849,0.11294219143198382,0.08317368063802603
share_optimism_confidence,GC=F__fwd_1m,329,-0.10624077078167976,0.05421054790186689,0.7034369188356644,0.11334932743117622,0.7416542047486376
net_valence_mean,BTC-USD__fwd_1m,329,-0.10555411930895094,0.05579446230784681,0.5228416900130551,0.11626966809789552,0.6372279288494319
net_valence_mean,GLD__fwd_1w,329,-0.10458915567743687,0.05808504935808953,0.2130850069764707,0.1202905902426352,0.4046660224232058
emo_fear_anxiety,^VIX__fwd_1m,329,-0.10457824106672971,0.058111396252480775,0.6876632178274531,0.1202905902426352,0.7337437427334164
emo_excitement_euphoria,GLD__fwd_1w,329,0.10424436451362842,0.05892213251006316,0.042529373663444385,0.1215636022882034,0.20969525811331866
cell_anger_disgust__fiscal_taxes,^GSPC__fwd_1w,329,0.10367415914112503,0.06032833712366879,0.0007232669355638857,0.1240526402443653,0.08317368063802603
emo_anger_disgust,ETH-USD__fwd_1w,329,0.1035207427192146,0.06071137523162414,0.000964844142320213,0.12442826408857621,0.08317368063802603
cell_fear_anxiety__markets_themselves,GLD__fwd_1w,329,0.10343887141541835,0.06091660458243015,0.18647611148643436,0.12443819554503001,0.3792741100659039
share_fear_anxiety,^IXIC__fwd_1w,329,0.10312775887999927,0.06170170419322564,0.10969685655776878,0.12562871575079712,0.32850289571948144
net_valence_mean,BTC-USD__fwd_3m,329,-0.10275062308780264,0.06266457441880915,0.5891443034073425,0.12717222455581859,0.6775159489184439
share_confusion_uncertainty,GLD__fwd_1w,329,-0.10183252190462483,0.06506037310045969,0.13243662991238547,0.1313809816897032,0.33397101833397147
net_valence,SPY__fwd_1w,329,-0.10178030752474536,0.06519885706315297,0.005562547000145284,0.1313809816897032,0.13224500077974471
net_valence,ETH-USD__fwd_1w,329,-0.10171472257822917,0.06537314547845134,0.0009198011057809435,0.1313809816897032,0.08317368063802603
emo_surprise,GLD__fwd_1w,329,0.10135081933128749,0.06634715897572473,0.32555831763863946,0.13290834104491953,0.4955189099352821
cell_fear_anxiety__monetary_policy,^IXIC__fwd_1w,329,0.10124861051940971,0.06662285875057272,0.02122882884507302,0.1330314960903719,0.1550953260328276
share_fear_anxiety,SPY__fwd_1m,329,0.10075605360698783,0.06796468825125118,0.037741674122626044,0.13527586988470186,0.2025655468268944
net_valence_mean,GC=F__fwd_1w,329,-0.09982143044392976,0.07057160229545999,0.1589200781596302,0.1398640515048945,0.35784832158286084
cell_fear_anxiety__monetary_policy,QQQ__fwd_1w,329,0.0997689721670337,0.07072030945658112,0.022654569815884467,0.1398640515048945,0.1598691801780029
emo_fear_anxiety,^VIX__fwd_3m,329,-0.0995328718199858,0.07139276935611584,0.6395230545872819,0.14074574530205694,0.7041557037211029
share_surprise,BTC-USD__fwd_3m,329,-0.09934329948503968,0.07193647619745273,0.26091249429553154,0.14094339058397767,0.448444885416373
emo_optimism_confidence,GC=F__fwd_1w,329,0.09933965974402943,0.07194694817249747,0.3151413758668749,0.14094339058397767,0.49152303344634946
net_valence,^GSPC__fwd_1w,329,-0.09885819140186804,0.07334318635176192,0.005679060066848464,0.14290544245798056,0.13224500077974471
emo_surprise,GC=F__fwd_1w,329,0.0988357657289522,0.07340875385522673,0.2651119728116195,0.14290544245798056,0.45229267889015307
share_fear_anxiety,^GSPC__fwd_1m,329,0.09859117562844598,0.07412698224891907,0.03660596173858879,0.1438526749268086,0.20105714620879578
cell_fear_anxiety__markets_themselves,^VIX__fwd_1m,329,-0.09753423510011007,0.07729664601466918,0.3176940478432865,0.14953650210314506,0.4919900341912242
share_surprise,^IXIC__fwd_1m,329,-0.09716279791272305,0.07843631750254348,0.016362814862134898,0.15127004089776244,0.14687901151430865
net_valence_mean,GC=F__fwd_3m,329,-0.09627394504689113,0.08121887718161028,0.4441162990156295,0.15615146355969034,0.5735472876726965
cell_fear_anxiety__inflation,GC=F__fwd_3m,329,-0.09560559635706126,0.0833632423788654,0.5144839341203292,0.15977954789282536,0.6339177045411198
mean_intensity,^GSPC__fwd_1m,329,0.0954513210931641,0.08386465604535964,0.49617610244718635,0.15983141287282546,0.6178792649704572
share_pessimism_despair,^VIX__fwd_1m,329,-0.09540999022364505,0.0839993984594986,0.07622700210640769,0.15983141287282546,0.2768243760706385
net_valence,BTC-USD__fwd_1w,329,-0.09536005184456721,0.084162434797768,0.012800654291673961,0.15983141287282546,0.14687901151430865
cell_optimism_confidence__growth_gdp,GLD__fwd_1w,329,0.09517045203533336,0.08478375359723617,0.09370022046140997,0.16052046031671846,0.3014953362795816
share_confusion_uncertainty,GC=F__fwd_1w,329,-0.09411826444298899,0.08829918951145173,0.14956321274668066,0.16666807503529338,0.353953717623069
net_valence_mean,^VIX__fwd_1m,329,0.09395509825308537,0.08885466923737906,0.28651971838077894,0.16671289015421156,0.4682335397749045
net_valence_mean,GLD__fwd_3m,329,-0.09393115100047707,0.08893643013591768,0.4197778500229329,0.16671289015421156,0.5612609134665568
emo_excitement_euphoria,ETH-USD__fwd_1w,329,0.0938750203168739,0.0891283084238297,0.029570580101806878,0.16671289015421156,0.18003264944335362
cell_fear_anxiety__inflation,^GSPC__fwd_1m,329,0.09363500387066,0.089952532975191,0.6819839004443764,0.16774931825103184,0.7314542351916369
mean_intensity,SPY__fwd_1m,329,0.09299491955090032,0.09218048795405737,0.5014702612390721,0.17138947011817254,0.6215828986616043
emo_optimism_confidence,GLD__fwd_1w,329,0.0926239080853611,0.0934919390902878,0.4022924926931399,0.17330893783602605,0.556549810242174
cell_fear_anxiety__inflation,SPY__fwd_1m,329,0.09200878425823589,0.09569906633298143,0.6759597074440231,0.17648006137387717,0.7300364840395449
emo_anger_disgust,BTC-USD__fwd_1w,329,0.09198893218356516,0.09577098338646796,0.013049036395854773,0.17648006137387717,0.14687901151430865
cell_fear_anxiety__inflation,GLD__fwd_3m,329,-0.09124658135825081,0.09849131137185979,0.41817051480129397,0.18095593006486665,0.5612609134665568
emo_optimism_confidence,ETH-USD__fwd_1w,329,0.0911577704220045,0.09882083001510703,0.018392142124970708,0.18102576825776243,0.1473832174357401
cell_fear_anxiety__monetary_policy,^VIX__fwd_1w,329,-0.09084602877998069,0.09998443640331453,0.05700428041165807,0.18261863237193626,0.23289248773447147
share_pessimism_despair,GLD__fwd_3m,329,0.09072938518807987,0.10042260593805248,0.5546542097867497,0.18288105069657065,0.6548293997672464
share_optimism_confidence,QQQ__fwd_1m,329,-0.090440277547981,0.1015152026567048,0.7643580556800824,0.18433023640296398,0.7950860177174727
share_fear_anxiety,^GSPC__fwd_1w,329,0.08966565476036066,0.10448913887652045,0.11791573464073085,0.18917712898635333,0.32938043485315516
share_optimism_confidence,^IXIC__fwd_1m,329,-0.08939583545476916,0.10554105605286335,0.684119253278563,0.19052615060705855,0.7324794073896338
share_surprise,QQQ__fwd_1m,329,-0.08893444783336968,0.10735918018915473,0.023871347620559112,0.1932465243404785,0.16290227332271656
share_fear_anxiety,^IXIC__fwd_3m,329,0.08863387053211454,0.10855684506728235,0.2057749434883474,0.19483757452827263,0.4002375976543425
emo_anger_disgust,QQQ__fwd_1w,329,0.08848832383290325,0.10914055188520126,0.024678063899249394,0.19532069948331407,0.16456020749304617
share_confusion_uncertainty,^IXIC__fwd_1m,329,-0.08814539255385152,0.11052562659162729,0.03344975682144351,0.19723107503850731,0.19413363538426562
share_fear_anxiety,SPY__fwd_1w,329,0.08793102773895943,0.11139842539229994,0.10159817913344837,0.19821897469518124,0.3170475841300073
share_optimism_confidence,^GSPC__fwd_1m,329,-0.08781129904613831,0.11188825896724243,0.7983004028292945,0.19852173948187873,0.8207691227764766
mean_intensity,BTC-USD__fwd_1m,329,0.08760757860525059,0.11272560446175664,0.3715591152534548,0.19943760789387716,0.5370986279006638
share_pessimism_despair,GC=F__fwd_3m,329,0.0871846689568529,0.11447956832401344,0.4912006739903545,0.20196537479889873,0.6178792649704572
cell_anger_disgust__fiscal_taxes,GC=F__fwd_3m,329,0.08660138258365627,0.11693366542369434,0.39714706628721336,0.20571049922978524,0.5542209621671
mean_intensity,^IXIC__fwd_1m,329,0.08641927418032026,0.11770822709094592,0.35708565914008006,0.20648816108326953,0.5242321378865005
share_fear_anxiety,SPY__fwd_3m,329,0.08631757427670166,0.11814252796339261,0.20685390531231015,0.20666622497258258,0.4002375976543425
share_optimism_confidence,GLD__fwd_1w,329,-0.08610010336860877,0.11907541670624971,0.1536066906372879,0.20741482321706703,0.353953717623069
emo_anger_disgust,^IXIC__fwd_1w,329,0.08602939396727931,0.11937997498463963,0.016100967613661817,0.20741482321706703,0.14687901151430865
share_anger_disgust,^GSPC__fwd_3m,329,-0.08593505353405805,0.11978726205391865,0.13141749911866582,0.20741482321706703,0.33397101833397147
share_optimism_confidence,SPY__fwd_1m,329,-0.08586430219206714,0.1200934204355001,0.8010082305863264,0.20741482321706703,0.8221919193291053
mean_intensity,QQQ__fwd_1m,329,0.08583036823500484,0.12024047722728524,0.28498474950838815,0.20741482321706703,0.4682335397749045
share_surprise,^GSPC__fwd_1m,329,-0.08539855549363888,0.12212406695748253,0.01862135337259446,0.21008045867201286,0.1473832174357401
cell_anger_disgust__fiscal_taxes,GLD__fwd_3m,329,0.08523170967532948,0.12285797603133707,0.3824443297335566,0.2107591246283434,0.5424912405642915
share_anger_disgust,SPY__fwd_3m,329,-0.08503597335508777,0.12372333271297224,0.12848050245677103,0.2116589245585558,0.33397101833397147
share_surprise,SPY__fwd_1m,329,-0.0848693129384874,0.12446387006030692,0.0197261290477512,0.21234083326222689,0.1475894715500421
share_fear_anxiety,^GSPC__fwd_3m,329,0.084575861585528,0.12577614805358783,0.1944346485696529,0.21399174778432342,0.39075701217396264
share_optimism_confidence,QQQ__fwd_3m,329,-0.08415709170816793,0.12766738501047703,0.5574973439355045,0.21661597292761267,0.6569370978822549
emo_pessimism_despair,ETH-USD__fwd_1w,329,0.08327408157402359,0.13172729625614255,0.0038339247781176977,0.22289550674404504,0.13224500077974471
net_valence_mean,ETH-USD__fwd_1m,329,-0.08265189204591189,0.13464731215277617,0.1781286063627332,0.2272173392578098,0.37120088775589705
mean_intensity,ETH-USD__fwd_3m,329,0.0819002330135247,0.13824108090175333,0.4087851669368905,0.23264962395660926,0.5579243706984813
mean_intensity,BTC-USD__fwd_3m,329,0.08163940379884226,0.13950518405675746,0.27093462820501896,0.2341424845925578,0.45473082193328856
emo_anger_disgust,SPY__fwd_1w,329,0.08120056638487808,0.14165196003232883,0.009219562778090884,0.2371047632886151,0.13224500077974471
share_anger_disgust,^VIX__fwd_1m,329,0.08104134924396862,0.14243705952302183,0.14295830535536086,0.23777799452633483,0.3494188374532509
share_confusion_uncertainty,QQQ__fwd_1m,329,-0.08095434066951497,0.14286750156319442,0.022348671435451155,0.23785715407706096,0.15952327541856512
share_optimism_confidence,GC=F__fwd_1w,329,-0.08082805003342697,0.1434940437795421,0.11897959784341326,0.23826150050025574,0.32938043485315516
share_pessimism_despair,QQQ__fwd_1m,329,0.08005551908643273,0.1473724138837161,0.4206025226842952,0.24404871739143386,0.5612609134665568
share_pessimism_despair,^IXIC__fwd_1m,329,0.07980194910148579,0.1486626580434421,0.3741178360113019,0.24553061341749344,0.5370986279006638
share_surprise,SPY__fwd_3m,329,-0.07922143249020411,0.15164881793133844,0.055240849679431436,0.2497981855049368,0.22869711767284615
cell_optimism_confidence__corporate_earnings,GC=F__fwd_1w,329,0.07905832169431816,0.15249598398208486,0.04314368156602995,0.25052911654199655,0.21096241143704408
share_optimism_confidence,^VIX__fwd_1m,329,0.0789792152301982,0.1529081365123505,0.5865257197825415,0.25054341101364025,0.6763807175677631
share_surprise,^GSPC__fwd_3m,329,-0.07845226559281097,0.1556751488030328,0.05109587326014865,0.254405966859693,0.22386988957645665
emo_anger_disgust,^GSPC__fwd_1w,329,0.07835969408145216,0.15616512370711774,0.009421301782094323,0.2545368551761683,0.13224500077974471
emo_pessimism_despair,^VIX__fwd_1m,329,-0.07804637917030895,0.15783212104359362,0.4397468621617612,0.25615248005080843,0.5735472876726965
emo_confusion_uncertainty,SPY__fwd_1w,329,0.07801845885045525,0.15798132022457265,0.0394112010139811,0.25615248005080843,0.20566685571161566
share_pessimism_despair,^GSPC__fwd_1m,329,0.07740856332163229,0.1612670379856061,0.2691946560027562,0.2607990379923474,0.45473082193328856
share_pessimism_despair,SPY__fwd_1m,329,0.07730217370198769,0.16184542042597644,0.289261260477619,0.26080177449680136,0.468306692760519
cell_optimism_confidence__corporate_earnings,GLD__fwd_1w,329,0.07725384502055743,0.16210867142635318,0.03388052371039407,0.26080177449680136,0.19481301133476592
net_valence_mean,ETH-USD__fwd_3m,329,-0.0770001515926364,0.16349584257356856,0.1533735459824263,0.26235379389712166,0.353953717623069
share_pessimism_despair,BTC-USD__fwd_3m,329,0.07643148949583688,0.16663756117217565,0.36975219931255715,0.2667059935255698,0.5364862518063037
emo_surprise,^VIX__fwd_3m,329,-0.07602444932603537,0.16891394808798327,0.708998885870396,0.2696544004180915,0.7462513697042642
share_optimism_confidence,^IXIC__fwd_3m,329,-0.07576621869066492,0.170370104164158,0.5794536062515556,0.27124357354160894,0.6713445699295075
mean_intensity,ETH-USD__fwd_1m,329,0.07569329831062929,0.17078299074842046,0.43782152383329764,0.27124357354160894,0.5735472876726965
share_pessimism_despair,ETH-USD__fwd_3m,329,0.07551410755294563,0.17180076537605016,0.4155092402069401,0.27216396759828354,0.5597242506034488
share_fear_anxiety,QQQ__fwd_3m,329,0.07489824287587564,0.17533323259687378,0.15242737835074185,0.2770532759355181,0.353953717623069
emo_confusion_uncertainty,QQQ__fwd_1w,329,0.07455488325235157,0.17732594352736988,0.057561754593993576,0.2794908906865398,0.23363300394032685
cell_optimism_confidence__corporate_earnings,SPY__fwd_1w,329,0.07428237333262991,0.17891938641581437,0.012267961991784074,0.2806489125699705,0.14687901151430865
emo_confusion_uncertainty,^GSPC__fwd_1w,329,0.07426180718803703,0.17904007132555533,0.0390752493763996,0.2806489125699705,0.20564177849783177
emo_fear_anxiety,ETH-USD__fwd_1w,329,0.07412726457170234,0.17983107250581634,0.041061982550705076,0.2806489125699705,0.20836712430755258
share_excitement_euphoria,SPY__fwd_1w,329,-0.07412092882322581,0.17986838518977175,0.21145883883634703,0.2806489125699705,0.4045960711889255
share_excitement_euphoria,^GSPC__fwd_1w,329,-0.07380087066401536,0.181760741324692,0.19694250676343059,0.28270456109203235,0.39452031193577547
net_valence_mean,^IXIC__fwd_1w,329,-0.07372092919549514,0.1822356850068021,0.07122730285836358,0.28270456109203235,0.26847192579889584
share_excitement_euphoria,^IXIC__fwd_1w,329,-0.07366784417460664,0.18255157648615938,0.21159532392979857,0.28270456109203235,0.4045960711889255
net_valence_mean,QQQ__fwd_1w,329,-0.07286449046404186,0.18738150721221633,0.08900649823809527,0.28946247755917,0.30039693155357156
share_excitement_euphoria,QQQ__fwd_1w,329,-0.07276880511685789,0.1879629887204017,0.17377378130400573,0.2896402382019093,0.3660749863055432
cell_optimism_confidence__growth_gdp,ETH-USD__fwd_1m,329,0.07261590928910396,0.18889488868598364,0.05919281143879579,0.2903557571138511,0.2371531348612399
emo_confusion_uncertainty,ETH-USD__fwd_1w,329,0.072235947284957,0.19122543309082315,0.027051448257171685,0.2932123307392622,0.17141785069085322
cell_optimism_confidence__corporate_earnings,^GSPC__fwd_1w,329,0.07199728361081145,0.19270003558850907,0.012228132684395456,0.29474562093710377,0.14687901151430865
emo_confusion_uncertainty,^IXIC__fwd_1w,329,0.0717061386054012,0.19451013992668764,0.07926954589250582,0.2962173617299465,0.2802288390763688
emo_pessimism_despair,BTC-USD__fwd_1w,329,0.07168913491418058,0.19461623765832237,0.019545457355102318,0.2962173617299465,0.1475894715500421
mean_intensity,^VIX__fwd_1w,329,-0.07134344376318463,0.1967824146814666,0.05227235746954302,0.29878210150902385,0.22386988957645665
share_confusion_uncertainty,^GSPC__fwd_1m,329,-0.07121977656769635,0.1975615931096719,0.1247302366050771,0.2992335349295274,0.3334818847532009
cell_fear_anxiety__inflation,^IXIC__fwd_3m,329,-0.0704933717598101,0.20218378792050054,0.24371460994501867,0.3054893729893694,0.42874439879846066
emo_excitement_euphoria,BTC-USD__fwd_1w,329,0.06991686222559436,0.20590764501051087,0.01725427430595843,0.3103607950279788,0.14687901151430865
share_anger_disgust,BTC-USD__fwd_1m,329,0.06913532543044054,0.21103467273707666,0.5935532100734366,0.3173184788613187,0.6787509584048607
share_confusion_uncertainty,SPY__fwd_1m,329,-0.06883849040699043,0.21300585005152972,0.12247521839158015,0.3195087750772946,0.3321271206164685
cell_optimism_confidence__corporate_earnings,BTC-USD__fwd_1w,329,0.06711678214766548,0.22470030931782028,0.05430352456045447,0.3362382941840154,0.22869711767284615
share_confusion_uncertainty,BTC-USD__fwd_1w,329,-0.06686568651418974,0.226443278738188,0.13256766021540042,0.3380319136933047,0.33397101833397147
share_anger_disgust,^VIX__fwd_1w,329,0.06657200921938379,0.22849398234643703,0.03027043638268201,0.34027521112023357,0.18121192289913277
share_excitement_euphoria,^IXIC__fwd_1m,329,-0.06618508127594575,0.2312158905615351,0.329958302254743,0.3435049474610366,0.49976611146389116
cell_anger_disgust__fiscal_taxes,^VIX__fwd_1w,329,-0.06536505449746478,0.23706009805936296,0.03238237180423109,0.3513468279113709,0.1901985569002188
emo_surprise,SPY__fwd_1w,329,0.06488520905044882,0.2405276886878052,0.009795925983684794,0.35563736827411196,0.13224500077974471
share_anger_disgust,BTC-USD__fwd_3m,329,0.06469785988689214,0.24189117047857903,0.8580423693303574,0.3568038405396617,0.8650069989515454
cell_anger_disgust__fiscal_taxes,^VIX__fwd_1m,329,-0.06384105309538643,0.2481957620693035,0.3173849213183011,0.36414137802456437,0.4919900341912242
cell_fear_anxiety__markets_themselves,^VIX__fwd_3m,329,-0.06373473527896185,0.2489859831821648,0.8214080431805462,0.36414137802456437,0.8389710441038144
share_excitement_euphoria,SPY__fwd_1m,329,-0.06358172721236818,0.25012630623484333,0.4441889121264147,0.36414137802456437,0.5735472876726965
cell_optimism_confidence__corporate_earnings,^IXIC__fwd_1w,329,0.06353124528430035,0.2505033281882645,0.028533293978623166,0.36414137802456437,0.17898157132045442
share_pessimism_despair,GLD__fwd_1m,329,0.0635147688946651,0.25062646679216843,0.5764853340860067,0.36414137802456437,0.6697568127232533
share_excitement_euphoria,^GSPC__fwd_1m,329,-0.06350122072689916,0.2507277524298686,0.4351766423591013,0.36414137802456437,0.5733342646194127
mean_intensity,BTC-USD__fwd_1w,329,0.06346880254171079,0.25097022511193806,0.44210570230195906,0.36414137802456437,0.5735472876726965
share_optimism_confidence,ETH-USD__fwd_3m,329,0.0633447607018343,0.2518995032771134,0.218990669016417,0.3646377425060313,0.41079746389035715
cell_optimism_confidence__corporate_earnings,QQQ__fwd_1w,329,0.0629944741801477,0.254536613118327,0.0349190220903071,0.36759822499181644,0.19849168991724225
share_excitement_euphoria,QQQ__fwd_1m,329,-0.06288930310753636,0.2553321050690334,0.275384030835655,0.36789150173519664,0.4597136643788757
share_surprise,BTC-USD__fwd_1w,329,-0.06258061863179694,0.25767685756808667,0.522920160979414,0.369605108394978,0.6372279288494319
emo_surprise,^GSPC__fwd_1w,329,0.06257603655100555,0.257711774452537,0.00927431256160262,0.369605108394978,0.13224500077974471
net_valence_mean,SPY__fwd_1w,329,-0.06206226196192259,0.26164763050221307,0.05195720046324532,0.3743852040135353,0.22386988957645665
cell_optimism_confidence__growth_gdp,^VIX__fwd_1m,329,-0.061886839407726824,0.26300090566887724,0.6706316154243782,0.3747254265257763,0.7261886996181846
net_valence_mean,^GSPC__fwd_1w,329,-0.06187502125344361,0.26309224793114083,0.048889220414897426,0.3747254265257763,0.22256847432199683
share_pessimism_despair,GC=F__fwd_1m,329,0.06091866343930575,0.27055624357797464,0.616099185948926,0.3841186040131971,0.6956319899532418
emo_fear_anxiety,^VIX__fwd_1w,329,-0.06082804187756146,0.2712709298427554,0.1698750410370302,0.3841186040131971,0.3640746214484833
mean_intensity,GLD__fwd_1w,329,0.06079361411627108,0.2715427812589268,0.34577712192189314,0.3841186040131971,0.5124763549248106
emo_confusion_uncertainty,^VIX__fwd_1m,329,-0.060687900756669,0.27237868450928177,0.39999586271313137,0.3844253706369636,0.5559173073977037
emo_fear_anxiety,BTC-USD__fwd_1w,329,0.06043245762052783,0.2744057696650705,0.169709773056838,0.3864081246304054,0.3640746214484833
cell_fear_anxiety__inflation,ETH-USD__fwd_3m,329,-0.059766866298695674,0.279735700245836,0.6515934899116629,0.39302232998340303,0.7133315915720101
mean_intensity,GC=F__fwd_1w,329,0.058889330214960685,0.28686924459805907,0.3728225540074053,0.40213499073452524,0.5370986279006638
cell_fear_anxiety__inflation,^VIX__fwd_1w,329,-0.05879707907591768,0.2876261986411732,0.2059143717666128,0.40228799404542476,0.4002375976543425
cell_optimism_confidence__corporate_earnings,^VIX__fwd_1w,329,-0.058626827419930576,0.28902669439936846,0.6245988533535323,0.40333837577979287,0.7001369818276959
cell_optimism_confidence__growth_gdp,ETH-USD__fwd_1w,329,0.058354046792556846,0.29128011648414565,0.4442451616273221,0.40508281389688644,0.5735472876726965
emo_surprise,ETH-USD__fwd_1w,329,0.05831768926709265,0.29158134913350764,0.003473565425550832,0.40508281389688644,0.13224500077974471
cell_optimism_confidence__growth_gdp,QQQ__fwd_1w,329,0.0581920345262049,0.29262403962854056,0.008372161901384765,0.40562394778866895,0.13224500077974471
cell_fear_anxiety__markets_themselves,^VIX__fwd_1w,329,-0.05803087579178831,0.29396498809832045,0.31937335816201484,0.40657518398453674,0.4921361176640477
cell_fear_anxiety__markets_themselves,BTC-USD__fwd_1m,329,0.057742484799665594,0.29637481722481424,0.4155118832982123,0.40899724777024365,0.5597242506034488
net_valence,^VIX__fwd_1m,329,0.056924513008305554,0.3032812887852596,0.5368914412220032,0.4176001781278187,0.6511905957009062
cell_fear_anxiety__inflation,QQQ__fwd_3m,329,-0.0564611620303014,0.3072404218675699,0.2289640486671271,0.42211571234460377,0.4150408825063673
share_pessimism_despair,^IXIC__fwd_1w,329,0.056367769991848976,0.30804252275371935,0.1712233891654693,0.42228345834450265,0.36539424285826955
emo_surprise,QQQ__fwd_1w,329,0.055653058174088686,0.3142264749136783,0.016708410566334632,0.4298119844083573,0.14687901151430865
share_optimism_confidence,GC=F__fwd_3m,329,-0.055225685624749644,0.3179628214832097,0.5870679658116333,0.43396683987049056,0.6763807175677631
cell_optimism_confidence__growth_gdp,^IXIC__fwd_1w,329,0.05498449742728413,0.32008417202614436,0.009267682386129142,0.43561620198776174,0.13224500077974471
share_pessimism_despair,QQQ__fwd_1w,329,0.054928926746203,0.32057424204252355,0.18688869191653237,0.43561620198776174,0.3792741100659039
share_fear_anxiety,BTC-USD__fwd_1m,329,-0.054353150277612734,0.3256806467502928,0.24976583373882366,0.44158882452386866,0.43691431761073096
share_confusion_uncertainty,ETH-USD__fwd_1w,329,-0.05373567817710412,0.33121501955043475,0.015445011626212785,0.4481144382152941,0.14687901151430865
share_surprise,GLD__fwd_1m,329,-0.05353301284290453,0.33304461847711664,0.6349385855221191,0.4496102349441075,0.7041349001452563
cell_fear_anxiety__inflation,QQQ__fwd_1m,329,0.05338357518725373,0.33439784616138174,0.4955800099966963,0.4501371161659424,0.6178792649704572
net_valence_mean,BTC-USD__fwd_1w,329,-0.053329915669705255,0.3348846178239378,0.4122497267129017,0.4501371161659424,0.5597242506034488
share_pessimism_despair,^GSPC__fwd_1w,329,0.05315701725114185,0.3364561532188697,0.15102390874144891,0.45127272386375394,0.353953717623069
share_optimism_confidence,^GSPC__fwd_3m,329,-0.05306049559985625,0.33733552361849856,0.3587849731034939,0.4514770693256198,0.5244785852298443
cell_optimism_confidence__corporate_earnings,^VIX__fwd_1m,329,-0.05264937474843917,0.34109753385346514,0.1573619044247639,0.45553025488817606,0.35784832158286084
share_optimism_confidence,GLD__fwd_3m,329,-0.05226819877442847,0.3446093232686429,0.5627095807243769,0.45886233234202056,0.6605721165025294
share_pessimism_despair,SPY__fwd_1w,329,0.052218337962027274,0.34507038519118133,0.15861129092867787,0.45886233234202056,0.35784832158286084
share_optimism_confidence,SPY__fwd_3m,329,-0.05182394145966405,0.3487311495898362,0.3851782162398037,0.4627394100326673,0.5443816293791716
share_excitement_euphoria,GC=F__fwd_1m,329,0.05140121009468445,0.35268207958689846,0.3762499496170109,0.4665229011283403,0.5370986279006638
emo_confusion_uncertainty,^VIX__fwd_3m,329,-0.05135827127074018,0.35308496542724627,0.42963883408018666,0.4665229011283403,0.5688821235901832
emo_optimism_confidence,SPY__fwd_1w,329,0.051179787929234256,0.35476274017610565,0.1261968484975881,0.46774450456340044,0.3334818847532009
emo_surprise,^IXIC__fwd_1w,329,0.05097912877604607,0.3566549435177915,0.014165523657533121,0.46924305068760275,0.14687901151430865
share_optimism_confidence,^IXIC__fwd_1w,329,-0.050730517378354704,0.3590080957896113,0.2777743814007729,0.47117966585223575,0.4624608333776942
cell_fear_anxiety__inflation,^GSPC__fwd_1w,329,0.050663468760270926,0.3596443826311751,0.2801496592366311,0.47117966585223575,0.46516828445440617
share_surprise,BTC-USD__fwd_1m,329,-0.050267686650301104,0.36341467910332426,0.577004661524864,0.47446142494238913,0.6697568127232533
share_optimism_confidence,QQQ__fwd_1w,329,-0.050240208038425785,0.36367735631654946,0.2685946636591828,0.47446142494238913,0.45473082193328856
cell_anger_disgust__fiscal_taxes,^VIX__fwd_3m,329,-0.0497420125967363,0.36846025549569295,0.33261516805211466,0.479693540173638,0.5001307974827197
net_valence_mean,^VIX__fwd_3m,329,0.04940727850980254,0.37169563462317873,0.3186474960840124,0.48289328263806275,0.4921361176640477
emo_optimism_confidence,QQQ__fwd_1w,329,0.049292704415829725,0.3728070695356094,0.1643666561644669,0.48332607553572743,0.3625082985516762
cell_fear_anxiety__inflation,SPY__fwd_1w,329,0.049134921610901355,0.3743410040305541,0.29686268551405076,0.4834380391592578,0.47759514949281223
emo_optimism_confidence,^IXIC__fwd_1w,329,0.04908094566074068,0.3748666386078412,0.13221312500015106,0.4834380391592578,0.33397101833397147
cell_fear_anxiety__markets_themselves,BTC-USD__fwd_3m,329,0.04904377513505572,0.37522888063568804,0.6383702878933644,0.4834380391592578,0.7041349001452563
emo_optimism_confidence,^GSPC__fwd_1w,329,0.04876694842464448,0.3779334374093734,0.13143143331137386,0.48591441952633724,0.33397101833397147
share_anger_disgust,ETH-USD__fwd_1m,329,0.048247624775588874,0.38303929954793486,0.11703946702383443,0.49146158061832135,0.32938043485315516
share_surprise,GC=F__fwd_1m,329,-0.047992325121234955,0.38556469185262393,0.6137756204463573,0.4936818013205762,0.6955377012722406
share_anger_disgust,^IXIC__fwd_3m,329,-0.047883887328916186,0.38664040165761754,0.3503673919354373,0.49404051322917797,0.5180432152188251
cell_optimism_confidence__growth_gdp,SPY__fwd_1w,329,0.04628390745319484,0.4027233623471203,0.02303758722610456,0.5135343080442746,0.16074541199338127
share_anger_disgust,GLD__fwd_1w,329,0.04614796148197121,0.40410804279516727,0.37488205102735817,0.5142440462618829,0.5370986279006638
cell_fear_anxiety__monetary_policy,ETH-USD__fwd_1w,329,0.045767226562159084,0.40800109081505226,0.09437400442560501,0.5181363545933485,0.3014953362795816
emo_confusion_uncertainty,BTC-USD__fwd_1w,329,0.04537574512759257,0.4120271252333579,0.009031191671241882,0.5212314385440373,0.13224500077974471
share_surprise,GC=F__fwd_1w,329,-0.045367035023119215,0.4121169667071213,0.7680954258470916,0.5212314385440373,0.7976375576104413
cell_optimism_confidence__growth_gdp,^GSPC__fwd_1w,329,0.04514270087474752,0.4144348713799328,0.023329086878628284,0.5230976730222323,0.16097069946253514
cell_fear_anxiety__markets_themselves,ETH-USD__fwd_1m,329,0.0449446106318764,0.416487980414315,0.07248985630113848,0.5246227907450094,0.2695580884012395
emo_optimism_confidence,BTC-USD__fwd_1w,329,0.044806927870092605,0.4179185074925155,0.025159305846493035,0.5253590954511177,0.16456020749304617
share_optimism_confidence,^VIX__fwd_3m,329,0.04452000979097593,0.42090883340771884,0.240217010333572,0.5280492637296836,0.4258379227907046
mean_intensity,ETH-USD__fwd_1w,329,0.044295885406684374,0.4232533817347239,0.06918186601377015,0.5289653757288757,0.2635701766536887
mean_intensity,QQQ__fwd_1w,329,0.044287365300483925,0.42334265980233693,0.16253506714752416,0.5289653757288757,0.3604795596379018
cell_fear_anxiety__inflation,^IXIC__fwd_1m,329,0.0440562798563599,0.42576827361550984,0.4969076678566487,0.5307487050009323,0.6178792649704572
share_optimism_confidence,BTC-USD__fwd_1m,329,-0.043988692661687895,0.42647923316500036,0.8196134315208378,0.5307487050009323,0.8385172009463595
share_surprise,^IXIC__fwd_1w,329,-0.043745629549972354,0.4290417379853665,0.00919536201223859,0.5326841957527785,0.13224500077974471
share_pessimism_despair,^VIX__fwd_1w,329,-0.043678591759074,0.42975005164596136,0.0069379845240594065,0.5326841957527785,0.13224500077974471
share_excitement_euphoria,GLD__fwd_1m,329,0.043293421035730535,0.43383280287396897,0.45287153740139735,0.5360838125993714,0.5810603816658425
mean_intensity,^IXIC__fwd_1w,329,0.04318252001522818,0.4350124617240882,0.12000420773544926,0.5360838125993714,0.32938043485315516
share_excitement_euphoria,^GSPC__fwd_3m,329,0.04317593971095489,0.4350825145734029,0.007413706465495429,0.5360838125993714,0.13224500077974471
net_valence,^VIX__fwd_3m,329,0.04292725606612278,0.43773470720885155,0.5685676333512386,0.5382836696568254,0.6649350288344994
share_excitement_euphoria,SPY__fwd_3m,329,0.04215316694747222,0.44604932255151836,0.009342213060114962,0.5474241685859543,0.13224500077974471
cell_fear_anxiety__markets_themselves,QQQ__fwd_1w,329,0.04169899387958666,0.45096904848453573,0.026397445678424693,0.5523703729958515,0.16899808006496633
share_surprise,^VIX__fwd_3m,329,-0.0412507847542321,0.4558540026468195,0.21174512582351174,0.5565307453827902,0.4045960711889255
cell_optimism_confidence__growth_gdp,BTC-USD__fwd_1m,329,0.041222976736910624,0.4561580505633498,0.1515738851890378,0.5565307453827902,0.353953717623069
net_valence_mean,^VIX__fwd_1w,329,0.04016160531746284,0.46784740194969526,0.07673503961042255,0.5690163475712943,0.27704918370972326
share_anger_disgust,^GSPC__fwd_1w,329,-0.04012762044166411,0.46822440194674936,0.08851593093049967,0.5690163475712943,0.3003737328297284
share_optimism_confidence,SPY__fwd_1w,329,-0.040019161300658496,0.4694286768694207,0.2303834305435225,0.5693656412810747,0.415895669673045
share_optimism_confidence,^GSPC__fwd_1w,329,-0.039698004018350004,0.47300462056581116,0.22379442233959598,0.571653699588599,0.41104436793214344
share_excitement_euphoria,BTC-USD__fwd_1w,329,0.039684419871190556,0.4731562022359741,0.7811067815614039,0.571653699588599,0.8084455189160531
mean_intensity,^GSPC__fwd_1w,329,0.039501807708973505,0.475196500534049,0.11853185236284824,0.5730039355954261,0.32938043485315516
cell_fear_anxiety__inflation,QQQ__fwd_1w,329,0.039399403749012504,0.4763427443034337,0.496675051011778,0.5732729539000626,0.6178792649704572
share_surprise,QQQ__fwd_1w,329,-0.03927935919285853,0.47768836330702596,0.016867921123146792,0.5737804131792323,0.14687901151430865
mean_intensity,SPY__fwd_1w,329,0.03904351506930928,0.48033803408408676,0.1201283708199899,0.5752712558028502,0.32938043485315516
cell_optimism_confidence__corporate_earnings,ETH-USD__fwd_1w,329,0.03892619502482573,0.4816590697399656,0.019215477360385716,0.5752712558028502,0.1475894715500421
share_anger_disgust,GC=F__fwd_1w,329,0.0389217979038302,0.4817086199959455,0.3297904565123204,0.5752712558028502,0.49976611146389116
share_anger_disgust,SPY__fwd_1w,329,-0.03879843624228865,0.48309988174300694,0.09214499334148456,0.5758253868760217,0.3013313623638807
cell_fear_anxiety__inflation,GC=F__fwd_1m,329,-0.03842436538291222,0.48733186559523467,0.09085676588860761,0.5797568745874344,0.3013313623638807
share_anger_disgust,GLD__fwd_1m,329,0.03814540441572394,0.4905007639352312,0.2342882283969978,0.5824110409250068,0.41845772540785764
share_anger_disgust,QQQ__fwd_1w,329,-0.037943368680381666,0.4928026857722209,0.20063694687115774,0.584027610428529,0.3963497659192713
share_surprise,GLD__fwd_1w,329,-0.03762343224224654,0.4964596822003255,0.6081887181846056,0.5872408812312422,0.6904665338073859
share_fear_anxiety,GLD__fwd_1w,329,-0.03747486106395142,0.4981627926599974,0.2985711516867943,0.5881351601556243,0.4778677453543796
share_optimism_confidence,ETH-USD__fwd_1w,329,0.037314913446217096,0.49999976678975655,0.3904411503335149,0.5891837859135461,0.5485609827083998
share_pessimism_despair,GC=F__fwd_1w,329,0.03627075646692267,0.512079129023251,0.4761603304237908,0.6022748847034828,0.6046944073480043
share_anger_disgust,^IXIC__fwd_1w,329,-0.03582886103510254,0.5172364649787804,0.16944772593575308,0.607190632801177,0.3640746214484833
share_surprise,^VIX__fwd_1m,329,0.03566842581541768,0.519115497004892,0.16613518630324595,0.60824664837743,0.3625082985516762
share_pessimism_despair,GLD__fwd_1w,329,0.03539076385597889,0.5223757699248466,0.5215418664709557,0.6109140360138036,0.6372279288494319
share_anger_disgust,GC=F__fwd_1m,329,0.034946782237713525,0.5276106250382006,0.2864815701208022,0.6158763123096288,0.4682335397749045
cell_optimism_confidence__growth_gdp,BTC-USD__fwd_1w,329,0.033382379433546286,0.5462658060047606,0.5088162775974541,0.6364560328873476,0.6281807323817474
cell_fear_anxiety__inflation,GLD__fwd_1m,329,-0.032643231714152246,0.5551917802623711,0.0804910112559793,0.6456443736759035,0.28240066660996127
share_excitement_euphoria,ETH-USD__fwd_1m,329,-0.03244191589106148,0.5576351098849402,0.28729060065734446,0.6472736509131736,0.46826105776433313
cell_fear_anxiety__monetary_policy,BTC-USD__fwd_3m,329,0.03233202033955382,0.5589710843288981,0.846706747502388,0.6476138868810555,0.8563597560244022
emo_excitement_euphoria,^VIX__fwd_1m,329,-0.0321282107985465,0.5614528367913807,0.2128232517531658,0.6481805743815778,0.4046660224232058
cell_fear_anxiety__monetary_policy,BTC-USD__fwd_1m,329,0.03212042534277054,0.561547743989193,0.5450191788984614,0.6481805743815778,0.654804890699916
cell_fear_anxiety__markets_themselves,^IXIC__fwd_1w,329,0.03149285138368423,0.569223359881126,0.017739011052452736,0.655821347840778,0.14687901151430865
emo_pessimism_despair,^VIX__fwd_1w,329,-0.03132644629552937,0.5712669286254521,0.404072247700636,0.6569569679192699,0.556549810242174
emo_anger_disgust,^VIX__fwd_1m,329,-0.031175898665488946,0.5731187457175189,0.43322435781964663,0.657868282977041,0.5724092046936182
share_anger_disgust,QQQ__fwd_3m,329,-0.030917131602654434,0.5763083267244948,0.2720091954058147,0.6603089868928252,0.455303801474423
cell_fear_anxiety__markets_themselves,BTC-USD__fwd_1w,329,0.03058154617752607,0.5804571486887884,0.46820775909482715,0.6632318701201569,0.5958135622907533
cell_fear_anxiety__inflation,^IXIC__fwd_1w,329,0.03053809172425795,0.5809953902501858,0.4474424455013266,0.6632318701201569,0.5761914846281068
share_excitement_euphoria,QQQ__fwd_3m,329,0.03001125624232946,0.5875393730701169,0.0026417111229609692,0.6694714691312709,0.13224500077974471
share_excitement_euphoria,BTC-USD__fwd_3m,329,-0.02916283548673067,0.5981486087562791,0.44100593788077774,0.6802818746727143,0.5735472876726965
share_excitement_euphoria,ETH-USD__fwd_1w,329,0.0290777218181145,0.5992176899291058,0.5397769430424808,0.6802818746727143,0.6534141942093189
cell_fear_anxiety__inflation,GLD__fwd_1w,329,-0.02841697004332374,0.6075462926641526,0.23300243896428177,0.6866046443224533,0.41819223871912997
net_valence,^VIX__fwd_1w,329,0.028302945940851976,0.6089887229507095,0.29838798837129815,0.6866046443224533,0.4778677453543796
cell_optimism_confidence__growth_gdp,^VIX__fwd_1w,329,-0.028302099444301513,0.6089994369910724,0.4481489324885275,0.6866046443224533,0.5761914846281068
share_excitement_euphoria,ETH-USD__fwd_3m,329,-0.028285496514271327,0.6092095958481027,0.40015303769206695,0.6866046443224533,0.5559173073977037
share_fear_anxiety,GLD__fwd_1m,329,-0.027270113630296616,0.6221227312250738,0.19900499719933912,0.6998880726282081,0.3962333619924313
share_fear_anxiety,ETH-USD__fwd_3m,329,-0.027039341259536467,0.6250739902657267,0.5945902115495075,0.701936614746865,0.6787509584048607
emo_optimism_confidence,^VIX__fwd_3m,329,-0.026811791037839885,0.6279899132174062,0.8432491645337602,0.7039381518195112,0.8542540475945596
share_fear_anxiety,GC=F__fwd_1m,329,-0.026231817808703577,0.6354480352210605,0.15547594944393048,0.7102179110609715,0.35496531104662066
cell_optimism_confidence__growth_gdp,^VIX__fwd_3m,329,-0.02619835501431816,0.635879482366989,0.6712275581011883,0.7102179110609715,0.7261886996181846
share_fear_anxiety,GC=F__fwd_1w,329,-0.02610176053545214,0.6371255974237648,0.24903244173450712,0.7103321292641974,0.4368619952461269
share_excitement_euphoria,^VIX__fwd_1m,329,-0.02578997713100178,0.6411547123204356,0.40983961653460654,0.7135431475824203,0.5581368462017339
cell_optimism_confidence__corporate_earnings,^VIX__fwd_3m,329,-0.02567991862520473,0.6425795010113808,0.22226722683922703,0.7138494993346467,0.41079746389035715
share_surprise,ETH-USD__fwd_1m,329,-0.025436423185804947,0.6457363789899682,0.5751801686109383,0.716075520272804,0.6697568127232533
share_anger_disgust,QQQ__fwd_1m,329,-0.024369492764856625,0.6596433581252142,0.6382393362650778,0.730193449903312,0.7041349001452563
share_confusion_uncertainty,^IXIC__fwd_1w,329,-0.023771993257256076,0.6674833559896132,0.13283549360465532,0.73755723144048,0.33397101833397147
emo_excitement_euphoria,^VIX__fwd_1w,329,-0.0230730405467559,0.6767005650192881,0.5864173090058642,0.7464139447193213,0.6763807175677631
share_anger_disgust,SPY__fwd_1m,329,-0.022900596767956815,0.6789821107551103,0.33615689289798023,0.7476026432250417,0.5042353393469704
share_optimism_confidence,^VIX__fwd_1w,329,0.022013323983529332,0.6907672647339772,0.1544628944860736,0.7575718846109875,0.353953717623069
emo_excitement_euphoria,QQQ__fwd_1w,329,0.021947401873401003,0.6916458996090812,0.056529447002271284,0.7575718846109875,0.2324820303868243
cell_fear_anxiety__monetary_policy,BTC-USD__fwd_1w,329,0.021943638740302595,0.691696068557858,0.8286929536728947,0.7575718846109875,0.8427904165483197
share_confusion_uncertainty,QQQ__fwd_1w,329,-0.021247065353205693,0.7010055691497048,0.18284058362715386,0.7664163000738851,0.3781510288902908
share_anger_disgust,^GSPC__fwd_1m,329,-0.020957107294369098,0.704894083591654,0.3316940088327578,0.767661995239099,0.5001307974827197
cell_fear_anxiety__inflation,GC=F__fwd_1w,329,-0.020904962920089767,0.7055941899676349,0.2896700723176156,0.767661995239099,0.468306692760519
share_anger_disgust,BTC-USD__fwd_1w,329,0.020813916982504246,0.706817195334372,0.382626672088824,0.767661995239099,0.5424912405642915
share_anger_disgust,^IXIC__fwd_1m,329,-0.02077957691911148,0.7072786757799601,0.6382124168620779,0.767661995239099,0.7041349001452563
share_excitement_euphoria,^IXIC__fwd_3m,329,0.020701686788037597,0.7083258023703763,0.0029120502439044303,0.767661995239099,0.13224500077974471
share_confusion_uncertainty,^VIX__fwd_1w,329,-0.020581342475543354,0.7099447465410429,0.6773655714162128,0.7680761108048565,0.7302847566831044
cell_fear_anxiety__markets_themselves,SPY__fwd_1w,329,0.020336634826579852,0.7132407166948896,0.0010714805879294819,0.7702999740304808,0.08317368063802603
share_anger_disgust,GC=F__fwd_3m,329,0.019473874437595195,0.7249034522927063,0.7552196701350269,0.7815365345030739,0.7882208658047928
emo_excitement_euphoria,^IXIC__fwd_1w,329,0.019271878172954476,0.7276433445475176,0.05355692092001236,0.7831308786204652,0.2278003280227923
share_surprise,GLD__fwd_3m,329,-0.017459131534719178,0.752383027779581,0.07176544232305429,0.8083561596040134,0.26847192579889584
emo_excitement_euphoria,SPY__fwd_1w,329,0.016652854705390917,0.7634704224357545,0.04910125762015067,0.8164187341278291,0.22256847432199683
share_surprise,GC=F__fwd_3m,329,-0.01663567387537995,0.7637072173844709,0.07942073378009808,0.8164187341278291,0.2802288390763688
share_surprise,SPY__fwd_1w,329,-0.016626666090822386,0.7638313760519625,0.006907950347006337,0.8164187341278291,0.13224500077974471
share_pessimism_despair,BTC-USD__fwd_1m,329,0.01639472746127828,0.7670303721119368,0.5216985137184417,0.8173715278778305,0.6372279288494319
share_optimism_confidence,BTC-USD__fwd_1w,329,-0.01626222200381119,0.7688597229420879,0.8366129729050967,0.8173715278778305,0.8489161048595834
share_anger_disgust,ETH-USD__fwd_3m,329,0.016219303251309335,0.7694525282322735,0.7027947435214181,0.8173715278778305,0.7416542047486376
share_surprise,^GSPC__fwd_1w,329,-0.016180567557795296,0.7699876711892606,0.006651173093012974,0.8173715278778305,0.13224500077974471
cell_fear_anxiety__inflation,SPY__fwd_3m,329,-0.015789682523602383,0.775393904068009,0.2406909998382243,0.8217058266659276,0.4258379227907046
emo_anger_disgust,^VIX__fwd_1w,329,-0.014835181687895029,0.7886404933413178,0.44215473317052334,0.8342172045187242,0.5735472876726965
emo_surprise,BTC-USD__fwd_1w,329,0.014745605926643328,0.7898868216699031,0.012552932297433655,0.8342172045187242,0.14687901151430865
cell_fear_anxiety__markets_themselves,^GSPC__fwd_1w,329,0.014165934377395011,0.7979649909736276,0.001004567567776908,0.8413179276648943,0.08317368063802603
share_anger_disgust,GLD__fwd_3m,329,0.013676317569126024,0.8048050322117066,0.7625867784711602,0.8470913983109658,0.7945744789103867
emo_excitement_euphoria,^GSPC__fwd_1w,329,0.01346788816617168,0.8077213832379635,0.04904354601060651,0.8487224686815149,0.22256847432199683
cell_fear_anxiety__inflation,^GSPC__fwd_3m,329,-0.012521170339169566,0.8210008212914136,0.2357185233526443,0.8612187669289997,0.41943038109453323
share_optimism_confidence,BTC-USD__fwd_3m,329,0.01114304752268461,0.8404221241022164,0.7938362866444625,0.8801047876348674,0.8188909202760983
share_excitement_euphoria,BTC-USD__fwd_1m,329,0.010553481663890741,0.8487609791404784,0.545940642044103,0.8873410236468637,0.654804890699916
share_excitement_euphoria,^VIX__fwd_1w,329,-0.010387867625286238,0.8511065103729267,0.5606232009090941,0.8882977192295588,0.6593693328874005
share_confusion_uncertainty,^GSPC__fwd_1w,329,-0.009983997409859039,0.8568318369869142,0.12040154381910825,0.8927727697464324,0.32938043485315516
cell_fear_anxiety__markets_themselves,ETH-USD__fwd_1w,329,0.009603487490555746,0.8622328792756853,0.4971535900483003,0.8968955075882755,0.6178792649704572
share_confusion_uncertainty,SPY__fwd_1w,329,-0.009479017432984587,0.864001040179475,0.12991916771079817,0.8970748134773334,0.33397101833397147
emo_surprise,^VIX__fwd_1m,329,-0.009388002384625435,0.865294385302613,0.5540840546648336,0.8970748134773334,0.6548293997672464
emo_confusion_uncertainty,^VIX__fwd_1w,329,-0.008823042606157423,0.8733305001702493,0.4211716355481731,0.903897067676208,0.5612609134665568
share_surprise,^VIX__fwd_1w,329,-0.007994719561772454,0.8851360814980008,0.09979010506698528,0.9145915251418612,0.31349618729413753
share_fear_anxiety,ETH-USD__fwd_1m,329,0.007388050650025901,0.8937988457509521,0.10750569800987116,0.92200844387266,0.3256636022640487
emo_anger_disgust,^VIX__fwd_3m,329,-0.006533842518502154,0.9060174531689721,0.5931319777919744,0.9330627502784936,0.6787509584048607
share_fear_anxiety,BTC-USD__fwd_1w,329,0.005426344324446902,0.9218917306641854,0.4847337412364479,0.9478390144742701,0.6130746503214545
emo_optimism_confidence,^VIX__fwd_1m,329,-0.004981033666372236,0.9282836725553172,0.5233272845623353,0.951440070179728,0.6372279288494319
share_pessimism_despair,BTC-USD__fwd_1w,329,0.004968863669221557,0.9284584259724882,0.2222251030567407,0.951440070179728,0.41079746389035715
net_valence_mean,ETH-USD__fwd_1w,329,-0.004381417676661002,0.9368977044069575,0.10385525309081256,0.9585065476716979,0.317704986056131
emo_surprise,^VIX__fwd_1w,329,0.0041140411497420015,0.9407412443319542,0.15047450440045543,0.9599683203284912,0.353953717623069
share_pessimism_despair,ETH-USD__fwd_1m,329,0.004066958139406475,0.9414182078583755,0.5657024620136376,0.9599683203284912,0.6628325073782433
share_confusion_uncertainty,^VIX__fwd_3m,329,0.002774105631803722,0.9600217391117496,0.8826689527435729,0.9773336065383549,0.8855208718154424
share_anger_disgust,ETH-USD__fwd_1w,329,-0.002513344390231409,0.9637769237429294,0.31004383042133665,0.9795506868156452,0.48881039259946185
share_fear_anxiety,ETH-USD__fwd_1w,329,-0.002149657692215251,0.9690156405417119,0.3691961334218326,0.9832658705496782,0.5364862518063037
share_optimism_confidence,ETH-USD__fwd_1m,329,-0.0018915599541159147,0.972734224372125,0.20792301549079123,0.9854289613949259,0.40099438701795453
share_confusion_uncertainty,^VIX__fwd_1m,329,0.001736421694617452,0.9749696923723431,0.0920710096905752,0.9855156681559311,0.3013313623638807
share_surprise,ETH-USD__fwd_1w,329,0.0016653562611393853,0.9759937776423472,0.6205337669648744,0.9855156681559311,0.6993674578678529
share_excitement_euphoria,GC=F__fwd_1w,329,0.001541923338239352,0.9777725949358116,0.4063921322105854,0.985709060803797,0.556549810242174
cell_fear_anxiety__inflation,ETH-USD__fwd_1w,329,0.0008675409155863692,0.9874929706028972,0.33945747169757656,0.9926077952077526,0.5067381969331611
emo_optimism_confidence,^VIX__fwd_1w,329,-0.0008215453139508886,0.9881560230222828,0.7143893810979134,0.9926077952077526,0.7506528014582136
cell_fear_anxiety__inflation,ETH-USD__fwd_1m,329,0.0007344903781256807,0.9894109907143298,0.26036192853993567,0.9926077952077526,0.448444885416373
share_pessimism_despair,ETH-USD__fwd_1w,329,0.00047177172098144166,0.9931984393045493,0.6223831514659939,0.9948003722711696,0.699466361214466
share_excitement_euphoria,GLD__fwd_1w,329,0.00033605607852703074,0.9951550309455697,0.41495567069431905,0.9951550309455697,0.5597242506034488
