date,n,dead,removed,dead_rate,removed_rate,vix,spy_ret,spy_absret
2018-01-05,3095,263,116,0.08497576736672052,0.037479806138933765,9.34000015258789,,
2018-01-12,5152,372,212,0.07220496894409938,0.04114906832298137,9.892000007629395,0.016458485818541924,0.016458485818541924
2018-01-19,4093,277,140,0.06767652088932323,0.034204739799657956,11.765000104904175,0.008959193913324226,0.008959193913324226
2018-01-26,5421,443,203,0.08171923999262129,0.03744696550451946,11.252000045776366,0.022003632261423656,0.022003632261423656
2018-02-02,3841,407,284,0.10596198906534757,0.07393907836500911,14.589999961853028,-0.03883737625763506,0.03883737625763506
2018-02-09,2948,739,672,0.2506784260515604,0.22795115332428764,31.509999465942382,-0.05064440679610982,0.05064440679610982
2018-02-16,3075,775,673,0.25203252032520324,0.2188617886178862,21.68599967956543,0.04439780137581173,0.04439780137581173
2018-02-23,2953,384,302,0.130037250253979,0.1022688791059939,18.957499980926514,0.005858385833772184,0.005858385833772184
2018-03-02,3240,509,387,0.15709876543209877,0.11944444444444445,19.260000038146973,-0.020494321635790014,0.020494321635790014
2018-03-09,6057,779,488,0.12861152385669472,0.08056793792306423,17.206000328063965,0.03638290178794623,0.03638290178794623
2018-03-16,3865,269,116,0.06959896507115136,0.03001293661060802,16.35,-0.012808052357074273,0.012808052357074273
2018-03-23,4365,445,274,0.10194730813287514,0.06277205040091638,20.658000564575197,-0.05889857083997352,0.05889857083997352
2018-03-30,3380,289,143,0.08550295857988166,0.04230769230769231,21.59250020980835,0.019763596260722327,0.019763596260722327
2018-04-06,3766,331,195,0.08789166224110462,0.05177907594264471,21.042000198364256,-0.013034319128329752,0.013034319128329752
2018-04-13,3973,452,346,0.11376793355147244,0.08708784293984395,19.67599983215332,0.020907089688483316,0.020907089688483316
2018-04-20,3934,382,251,0.0971021860701576,0.06380274529740722,16.049999809265138,0.005506282055668166,0.005506282055668166
2018-04-27,5367,397,250,0.07397056083473076,0.0465809577044904,16.770000076293947,-0.00018732963392475988,0.00018732963392475988
2018-05-04,3974,365,232,0.09184700553598389,0.058379466532461,15.61200008392334,-0.0020258771153623956,0.0020258771153623956
2018-05-11,4497,287,120,0.06382032466088504,0.0266844563042028,13.751999855041504,0.025674611678420778,0.025674611678420778
2018-05-18,4931,466,321,0.09450415737172987,0.06509835733117014,13.566000175476074,-0.005570672932214471,0.005570672932214471
2018-05-25,5190,398,235,0.0766859344894027,0.04527938342967245,12.926000022888184,0.0030220798258848713,0.0030220798258848713
2018-06-01,4975,469,316,0.0942713567839196,0.06351758793969849,15.212500095367432,0.005327887257788655,0.005327887257788655
2018-06-08,4072,389,197,0.09553045186640471,0.04837917485265226,12.218000030517578,0.01677680873901477,0.01677680873901477
2018-06-15,5882,739,514,0.12563753825229515,0.08738524311458687,12.345999908447265,0.0006624315850367601,0.0006624315850367601
2018-06-22,4649,745,592,0.1602495160249516,0.12733921273392126,13.372000312805175,-0.008624068724394363,0.008624068724394363
2018-06-29,4785,684,543,0.14294670846394986,0.11347962382445141,16.820000076293944,-0.012593566799518618,0.012593566799518618
2018-07-06,5659,945,700,0.166990634387701,0.12369676621311186,15.019999980926514,0.015261050095894069,0.015261050095894069
2018-07-13,7371,895,548,0.12142178808845476,0.07434540767874101,12.744000053405761,0.015140342801819973,0.015140342801819973
2018-07-20,7119,839,602,0.11785363112796741,0.08456243854473942,12.544000053405762,0.00032188927181642235,0.00032188927181642235
2018-07-27,5099,748,505,0.14669543047656403,0.0990390272602471,12.497999954223634,0.006221518700296302,0.006221518700296302
2018-08-03,7391,854,554,0.11554593424435124,0.07495602760113652,12.813999938964844,0.007746266861557327,0.007746266861557327
2018-08-10,5048,1057,845,0.20938985736925514,0.1673930269413629,11.496000289916992,-0.0015516255028821258,0.0015516255028821258
2018-08-17,6026,847,643,0.1405575838035181,0.10670428144706273,13.764000129699706,0.006710057319751828,0.006710057319751828
2018-08-24,5932,732,481,0.12339851652056642,0.08108563722184761,12.399999809265136,0.008594915709210671,0.008594915709210671
2018-08-31,6776,880,579,0.12987012987012986,0.08544864226682408,12.65999984741211,0.009738514971626255,0.009738514971626255
2018-09-07,4489,678,476,0.15103586544887504,0.10603697928269103,14.149999856948853,-0.009334884576336244,0.009334884576336244
2018-09-14,5864,963,746,0.16422237380627558,0.1272169167803547,12.992000007629395,0.011405019493352597,0.011405019493352597
2018-09-21,4785,876,682,0.18307210031347962,0.1425287356321839,12.34000015258789,0.008359726565795755,0.008359726565795755
2018-09-28,4378,840,717,0.19186843307446322,0.16377341251713112,12.407999992370605,-0.004349333339600747,0.004349333339600747
2018-10-05,5519,526,314,0.0953071208552274,0.05689436492118137,12.939999961853028,-0.009975132689978738,0.009975132689978738
2018-10-12,4346,478,306,0.10998619420156466,0.0704095720202485,20.17799949645996,-0.0412409719822977,0.0412409719822977
2018-10-19,5467,991,837,0.18126943479056154,0.1531004207060545,19.253999710083008,0.0010870264659610385,0.0010870264659610385
2018-10-26,5140,837,668,0.16284046692607004,0.12996108949416343,22.791999435424806,-0.03952960579575027,0.03952960579575027
2018-11-02,7292,739,498,0.10134393856280856,0.06829402084476138,21.626000213623048,0.02472435916585547,0.02472435916585547
2018-11-09,6945,680,343,0.09791216702663787,0.049388048956083515,18.061999893188478,0.021589512406987588,0.021589512406987588
2018-11-16,6930,851,429,0.1227994227994228,0.06190476190476191,19.96800003051758,-0.014509000265847338,0.014509000265847338
2018-11-23,6918,635,326,0.0917895345475571,0.04712344608268285,21.22499990463257,-0.038286045613599384,0.038286045613599384
2018-11-30,7197,1187,842,0.1649298318743921,0.11699319160761429,18.654000091552735,0.04710369180811336,0.04710369180811336
2018-12-07,8958,1081,681,0.12067425764679617,0.07602143335565975,20.40000009536743,-0.043823713533246766,0.043823713533246766
2018-12-14,7610,829,515,0.10893561103810775,0.06767411300919843,21.62799949645996,-0.011761510202697445,0.011761510202697445
2018-12-21,6673,939,637,0.14071631949647834,0.09545931365203057,26.834000015258788,-0.07050483912984917,0.07050483912984917
2018-12-28,7124,861,651,0.12085906793935991,0.09138124649073555,31.19499969482422,0.02928959747407145,0.02928959747407145
2019-01-04,7756,1022,702,0.13176895306859207,0.09051057246003094,23.867499828338623,0.01872834105054877,0.01872834105054877
2019-01-11,13168,1878,1310,0.14261846901579586,0.09948359659781288,19.907999801635743,0.026110650654677103,0.026110650654677103
2019-01-18,7554,832,506,0.11014032300767805,0.06698437913688113,18.513999938964844,0.02888238362897999,0.02888238362897999
2019-01-25,8896,1543,1228,0.17344874100719423,0.13803956834532374,19.15749979019165,-0.0025519469653877414,0.0025519469653877414
2019-02-01,8461,821,505,0.09703344758302801,0.05968561635740456,17.673999786376953,0.016103779685343156,0.016103779685343156
2019-02-08,9366,969,543,0.10345932094811018,0.05797565663036515,15.754000091552735,0.001517729582652727,0.001517729582652727
2019-02-15,11833,1168,581,0.09870700583115018,0.04909997464717316,15.635999870300292,0.02551137076690324,0.02551137076690324
2019-02-22,12516,1094,405,0.08740811760945989,0.03235858101629914,14.21750020980835,0.006381361136889474,0.006381361136889474
2019-03-01,10004,900,373,0.0899640143942423,0.03728508596561375,14.613999938964843,0.004585281039494182,0.004585281039494182
2019-03-08,8145,795,438,0.09760589318600368,0.053775322283609574,15.549999809265136,-0.02125371725334746,0.02125371725334746
2019-03-15,7536,763,417,0.10124734607218684,0.0553343949044586,13.57800006866455,0.029472592250460394,0.029472592250460394
2019-03-22,9229,746,387,0.08083215949723697,0.04193303716545671,14.136000061035157,-0.007322826393783677,0.007322826393783677
2019-03-29,6971,408,182,0.05852818820829149,0.02610816238703199,14.860000038146973,0.011566948631969609,0.011566948631969609
2019-04-05,7545,741,435,0.09821073558648111,0.05765407554671968,13.379999732971191,0.021559096626039498,0.021559096626039498
2019-04-12,8508,721,226,0.08474377056887634,0.026563234602726846,13.158000183105468,0.005509703478568273,0.005509703478568273
2019-04-19,8239,568,244,0.06894040538900352,0.029615244568515598,12.297500133514404,-0.0004824949271897694,0.0004824949271897694
2019-04-26,8712,633,263,0.07265840220385675,0.030188246097337005,12.763999938964844,0.011688993512451562,0.011688993512451562
2019-05-03,9432,644,101,0.06827820186598813,0.010708227311280747,13.663999938964844,0.002113144383151022,0.002113144383151022
2019-05-10,8936,620,113,0.0693822739480752,0.012645478961504029,17.86000003814697,-0.020168094406402215,0.020168094406402215
2019-05-17,7054,454,118,0.06436064644173518,0.01672809753331443,17.25999984741211,-0.007844437287178097,0.007844437287178097
2019-05-24,8772,594,99,0.0677154582763338,0.011285909712722298,15.755999946594239,-0.010705445309262096,0.010705445309262096
2019-05-31,7275,577,230,0.0793127147766323,0.03161512027491409,17.85249948501587,-0.026557662631662926,0.026557662631662926
2019-06-07,8466,695,186,0.08209307819513348,0.021970233876683204,16.829999923706055,0.04497406071099053,0.04497406071099053
2019-06-14,8878,1138,676,0.12818202297814824,0.07614327551250281,15.787999725341797,0.005597108107677329,0.005597108107677329
2019-06-21,5808,673,391,0.11587465564738292,0.06732093663911845,14.995999908447265,0.02133023068600859,0.02133023068600859
2019-06-28,11294,1697,1062,0.15025677350805738,0.09403222950239065,15.729999923706055,-0.00340183018233875,0.00340183018233875
2019-07-05,7741,878,438,0.11342203849631831,0.05658183697196745,13.210000038146973,0.01863504074270228,0.01863504074270228
2019-07-12,12274,2091,1421,0.1703601108033241,0.11577317907772527,13.280000114440918,0.007337198096081465,0.007337198096081465
2019-07-19,8416,1167,720,0.13866444866920152,0.08555133079847908,13.497999954223634,-0.011574144078037585,0.011574144078037585
2019-07-26,6398,869,543,0.1358236949046577,0.08487027195998749,12.621999740600586,0.016286878357224532,0.016286878357224532
2019-08-02,7499,1180,826,0.15735431390852114,0.11014801973596479,15.674000358581543,-0.03109182717155279,0.03109182717155279
2019-08-09,9687,1416,850,0.14617528646639827,0.08774646433364303,19.82599983215332,-0.0034174117974284934,0.0034174117974284934
2019-08-16,8229,1662,1256,0.2019686474662778,0.1526309393607972,20.072000122070314,-0.009498897928485683,0.009498897928485683
2019-08-23,7715,1747,1371,0.22644199611147117,0.17770576798444587,17.346000099182127,-0.013847829505839515,0.013847829505839515
2019-08-30,9071,1646,1243,0.18145739168779626,0.137030095910043,19.16799964904785,0.02668072057986981,0.02668072057986981
2019-09-06,8491,1491,1122,0.1755976916735367,0.13213991284889884,17.06500005722046,0.01914833100045432,0.01914833100045432
2019-09-13,10525,1777,1187,0.16883610451306413,0.1127790973871734,14.607999992370605,0.010199728330822166,0.010199728330822166
2019-09-20,11573,1687,1029,0.14577032748639074,0.08891385120539186,14.485999870300294,-0.004757735164492183,0.004757735164492183
2019-09-27,9179,1194,709,0.1300795293604968,0.07724152957838544,16.241999626159668,-0.009655481083256534,0.009655481083256534
2019-10-04,9814,1714,1282,0.17464846138169962,0.13062971265539025,18.304000091552734,-0.003554541234227271,0.003554541234227271
2019-10-11,8466,1199,766,0.14162532482872667,0.09047956532010394,17.986000061035156,0.006557221899575749,0.006557221899575749
2019-10-18,9552,1433,881,0.1500209380234506,0.09223199329983249,13.965999984741211,0.005703598432694301,0.005703598432694301
2019-10-25,7634,1083,558,0.14186533927167932,0.07309405292114225,13.76599998474121,0.012182797974170656,0.012182797974170656
2019-11-01,9159,1184,616,0.1292717545583579,0.06725625068238891,12.831999969482421,0.015052790407479977,0.015052790407479977
2019-11-08,11257,1102,425,0.09789464333303723,0.037754286221906366,12.669999885559083,0.009146242286182549,0.009146242286182549
2019-11-15,9656,764,172,0.07912178956089479,0.017812758906379452,12.694000053405762,0.00922517664073319,0.00922517664073319
2019-11-22,7906,663,200,0.08386035922084492,0.02529724260055654,12.713999938964843,-0.0026622956904951423,0.0026622956904951423
2019-11-29,8725,1016,485,0.11644699140401146,0.055587392550143264,11.944999933242798,0.010773146452081495,0.010773146452081495
2019-12-06,10675,1110,410,0.10398126463700234,0.03840749414519906,14.76200008392334,0.001781507326680254,0.001781507326680254
2019-12-13,10714,1095,516,0.10220272540601083,0.04816128430091469,14.619999885559082,0.007781502878808855,0.007781502878808855
2019-12-20,7527,814,347,0.10814401487976617,0.046100704131792215,12.404000091552735,0.015715326748277025,0.015715326748277025
2019-12-27,7642,658,231,0.0861031143679665,0.030227689086626538,12.839999914169312,0.00664096878246756,0.00664096878246756
2020-01-03,8861,910,367,0.10269721250423203,0.041417447240717754,13.772500038146973,-0.0013935961978539524,0.0013935961978539524
2020-01-10,6668,756,386,0.11337732453509299,0.05788842231553689,13.238000106811523,0.01023535203739745,0.01023535203739745
2020-01-17,10267,1151,619,0.11210674978085126,0.060290250316548166,12.310000038146972,0.019158098305364524,0.019158098305364524
2020-01-24,9829,1335,743,0.13582256587648794,0.07559263404212026,13.325000047683716,-0.009579619689673247,0.009579619689673247
2020-01-31,7901,912,366,0.11542842678142007,0.046323250221490954,17.045999908447264,-0.021413102873933165,0.021413102873933165
2020-02-07,8061,838,273,0.10395732539387173,0.03386676590993673,15.919999694824218,0.03254271462833125,0.03254271462833125
2020-02-14,11292,1451,646,0.12849805171803047,0.057208643287283034,14.357999992370605,0.016255187394222714,0.016255187394222714
2020-02-21,11877,1896,1251,0.1596362717858045,0.10532962869411468,15.462500095367432,-0.012203504262985443,0.012203504262985443
2020-02-28,7841,1199,760,0.15291416911108277,0.09692641244739192,31.94200019836426,-0.1116110918965264,0.1116110918965264
2020-03-06,9814,1010,466,0.10291420419808436,0.04748318728347259,36.75799903869629,0.004050677084846077,0.004050677084846077
2020-03-13,11136,1244,553,0.11170977011494253,0.04965876436781609,57.79200057983398,-0.09460118956840013,0.09460118956840013
2020-03-20,19771,2892,1731,0.14627484699812857,0.08755247584846493,74.61800079345703,-0.1454573922160466,0.1454573922160466
2020-03-27,19620,2828,1697,0.14413863404689092,0.08649337410805301,62.75,0.10760486845183159,0.10760486845183159
2020-04-03,16477,3731,2948,0.2264368513685744,0.17891606481762456,53.07800064086914,-0.020637520437325474,0.020637520437325474
2020-04-10,11520,2105,1487,0.18272569444444445,0.1290798611111111,44.239999771118164,0.12091528204985158,0.12091528204985158
2020-04-17,11156,2309,1745,0.20697382574399426,0.15641807099318752,39.60599975585937,0.030337838642182424,0.030337838642182424
2020-04-24,13347,2116,1304,0.15853749906345996,0.09769985764591294,41.70600051879883,-0.012803449367375208,0.012803449367375208
2020-05-01,12484,2251,1591,0.18031079782121115,0.1274431272028196,33.886000061035155,-0.0006361128611011013,0.0006361128611011013
2020-05-08,12188,2322,1687,0.19051526091237284,0.13841483426320972,32.62400016784668,0.03412420193996679,0.03412420193996679
2020-05-15,13630,2053,1431,0.15062362435803375,0.10498899486426999,32.077999877929685,-0.02106393524812622,0.02106393524812622
2020-05-22,14825,2285,1338,0.15413153456998313,0.09025295109612141,29.102000045776368,0.03199643207763114,0.03199643207763114
2020-05-29,10308,1331,647,0.12912301125339543,0.06276678308110206,27.93250036239624,0.030057159028638925,0.030057159028638925
2020-06-05,9597,1431,785,0.1491090965926852,0.08179639470667917,26.211999893188477,0.049355556615251484,0.049355556615251484
2020-06-12,10205,1425,864,0.1396374326310632,0.08466438020578149,31.56599998474121,-0.04737873743556886,0.04737873743556886
2020-06-19,11531,2039,1419,0.17682768190096262,0.12305957852744775,33.91999969482422,0.019026720342660397,0.019026720342660397
2020-06-26,9921,1505,961,0.15169841749823607,0.09686523535933877,32.786000442504886,-0.027831647175261987,0.027831647175261987
2020-07-03,11622,1738,971,0.14954396833591466,0.0835484426088453,29.627500534057617,0.04059302025973266,0.04059302025973266
2020-07-10,9199,1198,605,0.13023154690727254,0.06576801826285465,28.400000381469727,0.017167035784611206,0.017167035784611206
2020-07-17,12998,1350,639,0.10386213263579012,0.04916140944760732,28.629999923706055,0.013004187605301754,0.013004187605301754
2020-07-24,18228,2204,1078,0.12091288128154487,0.05913978494623656,25.107999801635742,-0.0026108350840531314,0.0026108350840531314
2020-07-31,18090,2865,1690,0.1583747927031509,0.09342177998894417,24.7,0.017576296537420433,0.017576296537420433
2020-08-07,11612,1636,928,0.1408887357905615,0.07991732690320358,23.177999877929686,0.02465434441670067,0.02465434441670067
2020-08-14,15525,2393,1316,0.15413848631239935,0.08476650563607085,22.523999786376955,0.006784660065739967,0.006784660065739967
2020-08-21,10913,1966,1179,0.1801521121598094,0.10803628699715935,22.132000350952147,0.007837647645168921,0.007837647645168921
2020-08-28,9338,1692,731,0.1811951167273506,0.07828228742771472,23.020000076293947,0.03269693539563967,0.03269693539563967
2020-09-04,11579,2175,1441,0.18784005527247605,0.12444943432075309,28.689999771118163,-0.022847769820295905,0.022847769820295905
2020-09-11,8750,2625,2167,0.3,0.24765714285714285,29.212499618530273,-0.02484162378988719,0.02484162378988719
2020-09-18,9385,1950,1243,0.20777836973894512,0.1324453915823122,25.954000091552736,-0.006245655712506792,0.006245655712506792
2020-09-25,9512,2214,1675,0.23275862068965517,0.17609335576114382,27.62200012207031,-0.005806560837772312,0.005806560837772312
2020-10-02,10002,2559,1926,0.2558488302339532,0.1925614877024595,26.632000350952147,0.015544341626105407,0.015544341626105407
2020-10-09,9538,4020,3535,0.4214720067100021,0.37062277206961625,27.371999740600586,0.038970866738913035,0.038970866738913035
2020-10-16,11403,3039,2249,0.26650881347013944,0.1972287994387442,26.383999633789063,0.0012684822044222166,0.0012684822044222166
2020-10-23,9043,3466,3058,0.38327988499391796,0.3381621143425854,28.568000030517577,-0.004347672371058153,0.004347672371058153
2020-10-30,7904,2899,2446,0.3667763157894737,0.30946356275303644,36.33999938964844,-0.05564228118461967,0.05564228118461967
2020-11-06,5798,1317,1047,0.2271472921697137,0.18057951017592272,30.938000106811522,0.07233390402339523,0.07233390402339523
2020-11-13,10760,3944,3287,0.36654275092936806,0.30548327137546466,24.49000015258789,0.0226753823627055,0.0226753823627055
2020-11-20,7361,2422,2023,0.32903138160576006,0.2748267898383372,23.162000274658205,-0.007735403038693023,0.007735403038693023
2020-11-27,6483,2306,1964,0.355699521826315,0.30294616689804105,21.59749984741211,0.023471182407722724,0.023471182407722724
2020-12-04,11090,2107,1438,0.18999098286744814,0.1296663660955816,20.916000366210938,0.016993667399331835,0.016993667399331835
2020-12-11,11723,2241,1467,0.19116267167107395,0.1251386163951207,22.01599998474121,-0.00959880101329158,0.00959880101329158
2020-12-18,12769,1716,811,0.13438797086694337,0.06351319602161484,22.721999740600587,0.012158783510722637,0.012158783510722637
2020-12-25,13802,1909,860,0.1383132879292856,0.06230981017243878,23.557499885559082,-0.0004875881789467851,0.0004875881789467851
2021-01-01,9880,1574,809,0.15931174089068825,0.08188259109311741,22.575000286102295,0.013224832937173137,0.013224832937173137
2021-01-08,9643,1338,711,0.13875349994814892,0.07373224100383698,24.261999893188477,0.019739020659831574,0.019739020659831574
2021-01-15,11317,2280,1563,0.20146681982857648,0.13811080675090573,23.44199981689453,-0.01458321534162077,0.01458321534162077
2021-01-22,10702,2446,1898,0.22855541020370024,0.17735002803214353,22.012499809265137,0.01911099602667088,0.01911099602667088
2021-01-29,12878,4171,3404,0.32388569653672933,0.26432675881348033,29.3439998626709,-0.0334569647480506,0.0334569647480506
2021-02-05,12614,4953,4215,0.39265895037260184,0.33415252893610276,24.270000076293947,0.047666683925523756,0.047666683925523756
2021-02-12,12516,3863,3167,0.30864493448386066,0.2530361137743688,21.215999603271484,0.012715822011043487,0.012715822011043487
2021-02-19,11203,3577,2871,0.3192894760332054,0.256270641792377,21.874999523162842,-0.00664755614253576,0.00664755614253576
2021-02-26,8861,2304,1817,0.2600157995711545,0.20505586276943913,24.948000335693358,-0.02479281180191162,0.02479281180191162
2021-03-05,10812,2394,1799,0.2214206437291898,0.16638919718830927,25.470000076293946,0.008596987058161476,0.008596987058161476
2021-03-12,10553,3858,3306,0.3655832464701981,0.31327584573107176,22.931999969482423,0.02718800366776586,0.02718800366776586
2021-03-19,15196,6147,5254,0.40451434588049484,0.34574888128454856,20.316000366210936,-0.008385590715749403,0.008385590715749403
2021-03-26,10303,2687,2163,0.26079782587595846,0.20993885276133165,19.809999847412108,0.01668885606575521,0.01668885606575521
2021-04-02,10554,2164,1581,0.20504074284631418,0.14980102330869813,19.269999980926514,0.01169243522150154,0.01169243522150154
2021-04-09,12215,3149,2425,0.2577977896029472,0.19852640196479737,17.366000366210937,0.027158494946261325,0.027158494946261325
2021-04-16,9951,2971,2524,0.2985629584966335,0.25364284996482767,16.673999786376953,0.014022479402425958,0.014022479402425958
2021-04-23,9740,2831,2342,0.29065708418891173,0.2404517453798768,17.90200004577637,-0.0012463368491677507,0.0012463368491677507
2021-04-30,14113,5326,4712,0.3773825550910508,0.33387656770353574,17.74000015258789,0.0013436359308669488,0.0013436359308669488
2021-05-07,14782,3538,2849,0.23934514950615612,0.19273440671086456,18.403999710083006,0.011550298719359198,0.011550298719359198
2021-05-14,12193,4189,3591,0.34355777905355533,0.29451324530468304,22.205999755859374,-0.013124027069120636,0.013124027069120636
2021-05-21,8537,1841,1463,0.21564952559447112,0.1713716762328687,20.811999893188478,-0.003936754314273649,0.003936754314273649
2021-05-28,9087,1899,1467,0.20897986134037635,0.16143941895014857,17.620000076293945,0.012290998977223744,0.012290998977223744
2021-06-04,10585,2895,2332,0.27350023618327823,0.22031176192725554,17.460000038146973,0.006094513191156281,0.006094513191156281
2021-06-11,7856,1143,741,0.1454938900203666,0.09432281059063137,16.62599983215332,0.004046096790982334,0.004046096790982334
2021-06-18,9896,2660,2243,0.2687954729183509,0.22665723524656428,18.002000045776366,-0.01893051010111535,0.01893051010111535
2021-06-25,8614,2705,2282,0.314023682377525,0.2649175760390063,16.49199981689453,0.028174128133269916,0.028174128133269916
2021-07-02,3509,973,752,0.2772869763465375,0.21430607010544314,15.631999969482422,0.016666220193106263,0.016666220193106263
2021-07-09,4033,907,686,0.22489461939003225,0.17009670220679396,16.955000400543213,0.004150085446921192,0.004150085446921192
2021-07-16,6377,1935,1563,0.3034342167163243,0.24509957660341852,17.01600036621094,-0.009597528187031745,0.009597528187031745
2021-07-23,5955,1680,1360,0.28211586901763225,0.22837951301427373,19.006000137329103,0.019937757244168353,0.019937757244168353
2021-07-30,5689,1857,1573,0.32641940587097906,0.27649850588855684,18.238000106811523,-0.0032503576996605332,0.0032503576996605332
2021-08-06,7439,2249,1845,0.3023255813953488,0.24801720661379217,17.779999923706054,0.009076010067164075,0.009076010067164075
2021-08-13,7599,3153,2742,0.4149230161863403,0.3608369522305567,16.14400005340576,0.007751579895317828,0.007751579895317828
2021-08-20,6135,1516,1219,0.24710676446617766,0.1986960065199674,19.165999984741212,-0.0057410496915222264,0.0057410496915222264
2021-08-27,5762,1439,1159,0.24973967372440126,0.2011454356126345,17.277999877929688,0.015540568605923122,0.015540568605923122
2021-09-03,8332,2210,1808,0.2652424387902064,0.2169947191550648,16.320000076293944,0.006285431790207241,0.006285431790207241
2021-09-10,9165,3710,3278,0.40480087288597927,0.3576650300054555,18.962499618530273,-0.016862329173807034,0.016862329173807034
2021-09-17,8716,2278,1804,0.26135842129417164,0.2069756769160165,19.302000045776367,-0.0058950873685506,0.0058950873685506
2021-09-24,9969,3118,2449,0.3127695857157187,0.24566155080750327,21.463999938964843,0.005686416722018972,0.005686416722018972
2021-10-01,7845,3378,2932,0.4305927342256214,0.3737412364563416,21.761999893188477,-0.021783548369192385,0.021783548369192385
2021-10-08,8428,3509,3044,0.4163502610346464,0.3611770289511153,20.713999938964843,0.008336160948213767,0.008336160948213767
2021-10-15,3986,1531,1354,0.3840943301555444,0.33968891118916206,18.329999923706055,0.018293594420989212,0.018293594420989212
2021-10-22,4196,1914,1774,0.4561487130600572,0.42278360343183985,15.58799991607666,0.016260294948109877,0.016260294948109877
2021-10-29,7412,2505,2171,0.33796546141392336,0.29290339989206693,16.197999954223633,0.013528591082368369,0.013528591082368369
2021-11-05,7009,2968,2646,0.42345555714081895,0.3775146240547867,15.892000007629395,0.020206743537687588,0.020206743537687588
2021-11-12,10253,4012,3551,0.3913001072856725,0.3463376572710426,17.536000061035157,-0.002689237215842022,0.002689237215842022
2021-11-19,7727,2702,2372,0.3496829299857642,0.3069755403131875,17.094000244140624,0.0034670832228138604,0.0034670832228138604
2021-11-26,6925,3265,2965,0.4714801444043321,0.42815884476534294,21.4375,-0.021156412753016496,0.021156412753016496
2021-12-03,4800,1841,1650,0.38354166666666667,0.34375,27.978000259399415,-0.012092311997378369,0.012092311997378369
2021-12-10,7544,2033,1616,0.2694856839872747,0.2142099681866384,21.84799995422363,0.038198482225150876,0.038198482225150876
2021-12-17,7193,1596,1227,0.22188238565271792,0.17058251077436395,20.72599983215332,-0.019659117780054802,0.019659117780054802
2021-12-24,8785,2005,1542,0.228229937393284,0.17552646556630622,20.117499828338623,0.023332909458950724,0.023332909458950724
2021-12-31,8606,1764,1309,0.2049732744596793,0.15210318382523821,17.344000244140624,0.009264512500723576,0.009264512500723576
2022-01-07,8231,2184,1725,0.26533835499939257,0.2095735633580367,18.322000122070314,-0.018675314040222935,0.018675314040222935
2022-01-14,8326,2466,2142,0.2961806389622868,0.25726639442709587,18.986000061035156,-0.0029392151409035616,0.0029392151409035616
2022-01-21,9938,3266,2948,0.3286375528275307,0.2966391628094184,25.270000457763672,-0.05754018368588243,0.05754018368588243
2022-01-28,9266,3450,3134,0.37232894452838333,0.33822577163824735,30.23399963378906,0.00906447615466277,0.00906447615466277
2022-02-04,7592,2792,2446,0.3677555321390938,0.32218124341412013,23.289999771118165,0.015273128958223747,0.015273128958223747
2022-02-11,10011,4753,4352,0.4747777444810708,0.4347218060133853,23.1060001373291,-0.018364020992987395,0.018364020992987395
2022-02-18,8263,3355,2902,0.4060268667554157,0.35120416313687525,26.836000442504883,-0.014144406448173386,0.014144406448173386
2022-02-25,11625,4763,4136,0.4097204301075269,0.35578494623655915,29.43499994277954,0.008106469916220993,0.008106469916220993
2022-03-04,10304,4736,4339,0.45962732919254656,0.42109860248447206,31.333999633789062,-0.012746943221637608,0.012746943221637608
2022-03-11,11852,5675,5104,0.47882213972325344,0.4306446169422882,33.002000427246095,-0.02799833752155023,0.02799833752155023
2022-03-18,9840,4425,4045,0.4496951219512195,0.4110772357723577,27.562000274658203,0.061491945213010046,0.061491945213010046
2022-03-25,10080,5440,5080,0.5396825396825397,0.503968253968254,22.504000091552733,0.01837935384947742,0.01837935384947742
2022-04-01,15128,8774,8126,0.5799841353781068,0.5371496562665257,19.609999465942384,0.0005081169068865687,0.0005081169068865687
2022-04-08,11548,4813,4239,0.41678212677519916,0.36707655005195705,20.881999969482422,-0.011812251563036669,0.011812251563036669
2022-04-15,13543,6802,6148,0.5022520859484605,0.4539614561027837,23.287500381469727,-0.021851396058404804,0.021851396058404804
2022-04-22,10830,5447,4969,0.502954755309326,0.45881809787626965,22.95,-0.02683928746836195,0.02683928746836195
2022-04-29,12279,6192,5733,0.5042755924749572,0.46689469826533103,31.10600051879883,-0.03295475752303967,0.03295475752303967
2022-05-06,11332,4051,3541,0.35748323332156723,0.31247793858100953,29.68000030517578,-0.0016017565485434426,0.0016017565485434426
2022-05-13,12845,5735,5225,0.4464772284935773,0.40677306344881276,32.18800086975098,-0.02338716276428643,0.02338716276428643
2022-05-20,15931,6453,5697,0.4050593183102128,0.35760467013997865,28.661999893188476,-0.03009548286856356,0.03009548286856356
2022-05-27,12316,5903,5492,0.4792952257226372,0.4459240012991231,27.904000091552735,0.06578051679084362,0.06578051679084362
2022-06-03,12685,6187,5764,0.4877414268821443,0.4543949546708711,25.347500324249268,-0.011366657974572925,0.011366657974572925
2022-06-10,20645,9768,8939,0.473141196415597,0.43298619520465004,25.37799987792969,-0.05051883476439434,0.05051883476439434
2022-06-17,16809,6161,5522,0.3665298352073294,0.3285144862871081,32.081999969482425,-0.057361673099189936,0.057361673099189936
2022-06-24,19396,7487,6841,0.38600742421117756,0.35270158795627965,28.855000019073486,0.0662004042544393,0.0662004042544393
2022-07-01,12637,5718,5396,0.4524808103189048,0.42700007913270555,27.776000213623046,-0.022662102069584744,0.022662102069584744
2022-07-08,10197,4374,4030,0.4289496910856134,0.3952142787094243,26.24749994277954,0.019489005777472812,0.019489005777472812
2022-07-15,14462,6748,6333,0.4666021297192643,0.43790623703498827,26.181999969482423,-0.009107865535977977,0.009107865535977977
2022-07-22,14798,6287,5912,0.42485471009595893,0.39951344776321124,23.963999938964843,0.02586116529348015,0.02586116529348015
2022-07-29,15873,6585,6114,0.41485541485541483,0.3851823851823852,22.99000015258789,0.04277523202104283,0.04277523202104283
2022-08-05,9947,4684,4443,0.4708957474615462,0.4466673368854931,22.262000274658202,0.0035921714433739815,0.0035921714433739815
2022-08-12,11195,5058,4716,0.45180884323358644,0.42125949084412684,20.506000518798828,0.03296505386139836,0.03296505386139836
2022-08-19,9605,4322,4043,0.44997397188964083,0.42092660072878707,19.940000152587892,-0.01161323178002538,0.01161323178002538
2022-08-26,18184,8146,7688,0.4479762428508579,0.4227892652881654,23.613999938964845,-0.039868312636685,0.039868312636685
2022-09-02,17927,5655,5218,0.3154459753444525,0.29106933675461594,25.863999557495116,-0.03224702101051802,0.03224702101051802
2022-09-09,15900,4152,3650,0.2611320754716981,0.22955974842767296,24.487500190734863,0.03661040765689427,0.03661040765689427
2022-09-16,15288,4685,4251,0.3064495028780743,0.2780612244897959,25.97400016784668,-0.04785102015317377,0.04785102015317377
2022-09-23,15346,6282,5830,0.40935748729310567,0.3799035579304053,27.636000061035155,-0.04567378137110989,0.04567378137110989
2022-09-30,19442,7895,7297,0.40607962143812365,0.37532146898467234,31.699999618530274,-0.029270221204290903,0.029270221204290903
2022-10-07,15365,5731,5302,0.37299056296778393,0.34506996420436054,29.920000076293945,0.015706511606321527,0.015706511606321527
2022-10-14,19818,7601,6959,0.3835402159652841,0.3511454233525078,32.72200050354004,-0.014223338531418106,0.014223338531418106
2022-10-21,14512,5196,4749,0.35804851157662626,0.32724641675854466,30.460000228881835,0.0465843718652299,0.0465843718652299
2022-10-28,18305,6926,6297,0.378366566511882,0.34400437039060366,27.745999908447267,0.0393545853148114,0.0393545853148114
2022-11-04,16137,5875,5296,0.36407014934622295,0.3281898742021441,25.479999542236328,-0.032569200908255436,0.032569200908255436
2022-11-11,16864,5420,4764,0.3213946869070209,0.2824952561669829,24.406000518798827,0.05888166646688786,0.05888166646688786
2022-11-18,13068,4482,4017,0.34297520661157027,0.3073921028466483,23.886000442504884,-0.006223281024785754,0.006223281024785754
2022-11-25,11388,4381,3945,0.384703196347032,0.3464172813487882,21.125000476837158,0.015907984149659438,0.015907984149659438
2022-12-02,16602,5535,5029,0.33339356704011563,0.30291531140826405,20.715999603271484,0.0113836345818632,0.0113836345818632
2022-12-09,15081,5479,4937,0.3633048206352364,0.3273655593130429,22.144000244140624,-0.03349632916616829,0.03349632916616829
2022-12-16,16663,5310,4746,0.3186701074236332,0.2848226609854168,22.827999877929688,-0.0209774714137011,0.0209774714137011
2022-12-23,19226,5819,5173,0.3026630604389889,0.269062727556434,21.361999893188475,-0.0009393185244105373,0.0009393185244105373
2022-12-30,17162,6302,5818,0.36720661927514275,0.33900477799790235,21.72499990463257,-0.001253518879799742,0.001253518879799742
2023-01-06,17452,5687,5104,0.32586523034609216,0.2924593169837268,22.124999523162842,0.014773934442277703,0.014773934442277703
2023-01-13,18077,3508,2865,0.1940587486861758,0.15848868728218177,20.163999938964842,0.026850060372975104,0.026850060372975104
2023-01-20,21210,4499,3746,0.2121169259783121,0.17661480433757662,20.017500400543213,-0.006574778980601659,0.006574778980601659
2023-01-27,18704,3514,2927,0.18787425149700598,0.15649059024807527,19.06599998474121,0.024755069070348856,0.024755069070348856
2023-02-03,22277,8419,7677,0.37792341877272523,0.3446155227364546,18.854000091552734,0.01644153110017732,0.01644153110017732
2023-02-10,17321,4271,3678,0.2465792968073437,0.21234339818717163,19.79199981689453,-0.010452291768802802,0.010452291768802802
2023-02-17,15924,3111,2502,0.1953654860587792,0.15712132629992465,19.53400001525879,-0.0019114880447130833,0.0019114880447130833
2023-02-24,14747,2377,1953,0.16118532582898218,0.1324337153319319,21.99250030517578,-0.02671514281016707,0.02671514281016707
2023-03-03,21695,5517,4791,0.25429822539755703,0.22083429361604057,20.062000274658203,0.01970325467163625,0.01970325467163625
2023-03-10,18078,3813,3123,0.21091934948556257,0.17275141055426485,20.944000244140625,-0.04522615961955678,0.04522615961955678
2023-03-17,24373,5777,4899,0.23702457637549748,0.20100110778320274,24.977999877929687,0.014429153624019309,0.014429153624019309
2023-03-24,21788,4101,3295,0.1882228749770516,0.1512300348815862,22.427999877929686,0.014769737088831336,0.014769737088831336
2023-03-31,19168,3714,3052,0.19376043405676127,0.1592237061769616,19.48200035095215,0.03446630271447315,0.03446630271447315
2023-04-07,14228,4203,3639,0.29540342985662077,0.2557632836660107,18.75749969482422,-0.0004885811342910662,0.0004885811342910662
2023-04-14,13425,4357,3826,0.3245437616387337,0.28499068901303537,18.405999755859376,0.007991363325946299,0.007991363325946299
2023-04-21,14693,6757,6137,0.45987885387599536,0.4176818893350575,16.836000061035158,-0.0006303277611855451,0.0006303277611855451
2023-04-28,10378,4552,4178,0.4386201580265947,0.4025823858161495,17.460000038146973,0.00904906105077119,0.00904906105077119
2023-05-05,11741,3007,2543,0.256111063793544,0.2165914317349459,17.89600028991699,-0.007933950758136077,0.007933950758136077
2023-05-12,10774,3830,3296,0.355485427881938,0.3059216632634119,17.118000030517578,-0.0025205800755356833,0.0025205800755356833
2023-05-19,11854,4752,4260,0.400877340981947,0.35937236375906867,16.96800003051758,0.017080160580870807,0.017080160580870807
2023-05-26,9168,3140,2774,0.3424956369982548,0.30257417102966844,18.572000122070314,0.0033441285214743655,0.0033441285214743655
2023-06-02,8499,2015,1680,0.2370867160842452,0.19767031415460642,16.41249990463257,0.018808755835368896,0.018808755835368896
2023-06-09,8438,839,796,0.09943114482104765,0.09433515050959942,14.021999740600586,0.004627063166786627,0.004627063166786627
2023-06-16,2786,289,282,0.1037329504666188,0.10122038765254845,14.307999992370606,0.026034868667839772,0.026034868667839772
2023-06-23,7630,676,642,0.08859764089121887,0.08414154652686763,13.357499837875366,-0.014221997199339698,0.014221997199339698
2023-06-30,9904,1067,1028,0.10773424878836833,0.10379644588045234,13.710000038146973,0.023244985157415687,0.023244985157415687
2023-07-07,8205,863,829,0.10517976843388178,0.10103595368677636,14.504999876022339,-0.010670550877434737,0.010670550877434737
2023-07-14,9656,800,776,0.08285004142502071,0.08036454018227009,14.079999923706055,0.02446724591779792,0.02446724591779792
2023-07-21,9244,806,784,0.08719169190826483,0.08481176979662484,13.626000022888183,0.0064548370807582245,0.0064548370807582245
2023-07-28,9328,925,912,0.09916380789022299,0.09777015437392796,13.739999771118164,0.010482453166130501,0.010482453166130501
2023-08-04,8117,674,658,0.08303560428729827,0.08106443267216952,15.334000205993652,-0.022126479772462515,0.022126479772462515
2023-08-11,8756,758,741,0.08656920968478757,0.08462768387391503,15.682000160217285,-0.00259620823149731,0.00259620823149731
2023-08-18,10655,955,928,0.08962928202721727,0.08709526044110746,16.649999618530273,-0.020531730099570877,0.020531730099570877
2023-08-25,13208,1004,978,0.0760145366444579,0.07404603270745003,16.591999816894532,0.007949584439851165,0.007949584439851165
2023-09-01,11585,1198,1165,0.10340958135520069,0.10056107034958998,14.013999938964844,0.025501724102304335,0.025501724102304335
2023-09-08,12701,1299,1279,0.10227541138493032,0.100700732225809,14.174999952316284,-0.01256689299514857,0.01256689299514857
2023-09-15,13627,1251,1237,0.09180303808615249,0.09077566595729067,13.623999786376952,-0.0013154432295698903,0.0013154432295698903
2023-09-22,13153,1140,1113,0.08667224207405155,0.0846194784459819,15.59800033569336,-0.02920797154484278,0.02920797154484278
2023-09-29,10020,865,846,0.08632734530938124,0.0844311377245509,17.78400001525879,-0.006830522746676948,0.006830522746676948
2023-10-06,9689,1101,1080,0.11363401795850965,0.11146661162142636,18.382000350952147,0.004818879611228732,0.004818879611228732
2023-10-13,10498,1180,1163,0.11240236235473423,0.11078300628691179,17.366000366210937,0.004563109157692757,0.004563109157692757
2023-10-20,12937,1364,1343,0.10543402643580428,0.1038107752956636,19.483999252319336,-0.02389348116934986,0.02389348116934986
2023-10-27,12933,1288,1273,0.09959019562359854,0.09843037191680198,20.296000289916993,-0.024953274298957107,0.024953274298957107
2023-11-03,12164,1230,1214,0.10111805327195002,0.09980269648142058,17.06599998474121,0.058464267651729296,0.058464267651729296
2023-11-10,8085,854,842,0.10562770562770563,0.104143475572047,14.722000122070312,0.01361871123188041,0.01361871123188041
2023-11-17,14275,1376,1347,0.0963922942206655,0.09436077057793345,14.244000053405761,0.023104450234455287,0.023104450234455287
2023-11-24,10200,1140,1125,0.11176470588235295,0.11029411764705882,13.017500162124634,0.010004602610162339,0.010004602610162339
2023-12-01,12295,1269,1255,0.10321268808458724,0.10207401382675885,12.781999778747558,0.00834621530663382,0.00834621530663382
2023-12-08,11068,1121,1099,0.10128297795446332,0.0992952656306469,12.862000274658204,0.002395992158571225,0.002395992158571225
2023-12-15,15822,1924,1880,0.12160283150044242,0.11882189356592086,12.329999732971192,0.02397391724722242,0.02397391724722242
2023-12-22,15870,1558,1528,0.09817265280403277,0.0962822936357908,13.08799991607666,0.009204714021457283,0.009204714021457283
2023-12-29,9726,1136,1110,0.1168003290150113,0.11412708204811844,12.585000038146973,0.0035045637982940026,0.0035045637982940026
2024-01-05,12161,1400,1377,0.11512211166844832,0.11323081983389524,13.680000066757202,-0.01554765769846933,0.01554765769846933
2024-01-12,15560,1585,1555,0.1018637532133676,0.09993573264781491,12.733999824523925,0.018721085184797426,0.018721085184797426
2024-01-19,15948,1752,1722,0.10985703536493605,0.10797592174567344,14.015000104904175,0.012062630787761375,0.012062630787761375
2024-01-26,15374,1760,1738,0.11447899050344738,0.11304800312215428,13.118000030517578,0.010322804060592716,0.010322804060592716
2024-02-02,13759,1643,1618,0.11941274801947815,0.11759575550548731,13.79800033569336,0.014238552433078588,0.014238552433078588
2024-02-09,12796,1552,1533,0.12128790246952173,0.11980306345733041,13.056000137329102,0.013856589689569931,0.013856589689569931
2024-02-16,16851,1800,1779,0.10681858643403952,0.10557236959230906,14.482000160217286,-0.003371890491715379,0.003371890491715379
2024-02-23,13432,1581,1555,0.11770399047051816,0.11576831447290054,14.762500047683716,0.0166962727322848,0.0166962727322848
2024-03-01,12620,1407,1377,0.11148969889064976,0.10911251980982567,13.50399990081787,0.009845413963684546,0.009845413963684546
2024-03-08,15332,1569,1545,0.10233498565092616,0.10076963214192539,14.32599983215332,-0.0022032176994989383,0.0022032176994989383
2024-03-15,15828,1421,1396,0.08977760929997473,0.08819812989638615,14.323999977111816,-0.0005979596508401963,0.0005979596508401963
2024-03-22,13424,1253,1232,0.09334028605482718,0.09177592371871275,13.434000015258789,0.022321303155382166,0.022321303155382166
2024-03-29,12023,1277,1257,0.10621309157448225,0.10454961324128753,13.054999828338623,0.003568406565521709,0.003568406565521709
2024-04-05,16415,1642,1611,0.1000304599451721,0.09814194334450198,14.994000053405761,-0.008870721502125645,0.008870721502125645
2024-04-12,14767,1333,1312,0.09026884268978128,0.08884675289496852,15.637999725341796,-0.014620940090387391,0.014620940090387391
2024-04-19,12468,1201,1184,0.09632659608598011,0.09496310555020854,18.509999465942382,-0.030713569975050703,0.030713569975050703
2024-04-26,12964,1307,1287,0.10081764887380439,0.09927491514964518,15.8,0.026456078011520168,0.026456078011520168
2024-05-03,20562,2549,2516,0.12396654021982298,0.12236163797295983,14.776000022888184,0.005961575340734049,0.005961575340734049
2024-05-10,15489,1615,1584,0.10426754470914842,0.10226612434631029,12.99199981689453,0.018678216756661703,0.018678216756661703
2024-05-17,13483,1398,1369,0.10368612326633539,0.10153526663205518,12.776000022888184,0.016531131653575226,0.016531131653575226
2024-05-24,21158,2539,2501,0.12000189053785802,0.11820587957273844,12.2,-1.906080206437455e-05,1.906080206437455e-05
2024-05-31,16614,1875,1850,0.11285662694113398,0.1113518719152522,13.647500038146973,-0.003909551573653136,0.003909551573653136
2024-06-07,20591,2600,2561,0.12626875819532807,0.12437472682239814,12.739999961853027,0.01259076069793319,0.01259076069793319
2024-06-14,17107,2223,2186,0.12994680540129772,0.12778394809142457,12.445999908447266,0.01642274699295254,0.01642274699295254
2024-06-21,13771,1246,1216,0.09047999419069058,0.088301503158812,12.882499933242798,0.006423487308176323,0.006423487308176323
2024-06-28,14725,1577,1558,0.10709677419354839,0.10580645161290322,12.679999923706054,-0.0005326486545286224,0.0005326486545286224
2024-07-05,10439,1152,1132,0.1103553980266309,0.10843950569977967,12.204999923706055,0.019146995693372526,0.019146995693372526
2024-07-12,12443,1448,1419,0.11637065016475126,0.11404002250261192,12.622000122070313,0.009645860707224285,0.009645860707224285
2024-07-19,12253,1463,1438,0.11939933077613646,0.11735901411899127,14.647999954223632,-0.019643413217380168,0.019643413217380168
2024-07-26,11188,1305,1284,0.11664283160529139,0.11476582052198785,16.50399990081787,-0.008287808731459512,0.008287808731459512
2024-08-02,15647,2140,2107,0.13676743145650924,0.13465840097143222,18.526000213623046,-0.021196102420764085,0.021196102420764085
2024-08-09,12175,1526,1494,0.1253388090349076,0.12271047227926078,27.658000183105468,0.00016871611608237913,0.00016871611608237913
2024-08-16,16680,2451,2408,0.14694244604316548,0.14436450839328538,17.010000038146973,0.04000101282928825,0.04000101282928825
2024-08-23,15862,1706,1680,0.10755264153322405,0.1059135039717564,16.04199981689453,0.014107412371122452,0.014107412371122452
2024-08-30,17988,2169,2143,0.12058038692461641,0.11913497887480543,15.868000030517578,0.0027573795024713466,0.0027573795024713466
2024-09-06,14657,1824,1805,0.12444565736508154,0.12314934843419527,21.079999446868896,-0.0413709925207465,0.0413709925207465
2024-09-13,14585,1893,1874,0.1297908810421666,0.12848817278025368,17.970000076293946,0.04006605988055534,0.04006605988055534
2024-09-20,12592,1402,1385,0.11134053367217281,0.10999047013977128,17.091999816894532,0.014204289947258752,0.014204289947258752
2024-09-27,13215,1493,1474,0.11297767688233068,0.11153991676125614,15.803999900817871,0.005666354299016074,0.005666354299016074
2024-10-04,15274,1947,1922,0.127471520230457,0.12583475186591594,18.91799964904785,0.0026423267124384697,0.0026423267124384697
2024-10-11,8098,971,958,0.11990614966658435,0.11830081501605334,21.261999893188477,0.011518870209502818,0.011518870209502818
2024-10-18,11131,1129,1118,0.1014284430868745,0.10044021202048334,19.412000274658205,0.008644241920553908,0.008644241920553908
2024-10-25,12773,1524,1507,0.11931417834494637,0.11798324590934002,19.044000244140626,-0.009493961879881607,0.009493961879881607
2024-11-01,12155,1352,1318,0.11122994652406418,0.10843274372686137,20.905999755859376,-0.013816018703055821,0.013816018703055821
2024-11-08,11705,1401,1386,0.11969243912857754,0.11841093549765058,17.77599983215332,0.047545117379306,0.047545117379306
2024-11-15,14709,2121,2083,0.1441974301448093,0.14161397783669863,14.830000114440917,-0.020796148388586122,0.020796148388586122
2024-11-22,9856,1203,1180,0.12205762987012987,0.11972402597402597,16.24000015258789,0.016662296067971205,0.016662296067971205
2024-11-29,14119,2074,2056,0.14689425596713648,0.14561937814292797,14.077500343322754,0.01182163905948208,0.01182163905948208
2024-12-06,9012,1117,1105,0.12394584997780737,0.12261429205503772,13.280000114440918,0.008729767051148363,0.008729767051148363
2024-12-13,12845,2186,2159,0.17018295056442195,0.1680809653561697,13.936000061035156,-0.005922892638488553,0.005922892638488553
2024-12-20,10918,1315,1300,0.12044330463454846,0.11906942663491482,20.126000213623048,-0.018321964729045237,0.018321964729045237
2024-12-27,9038,1160,1145,0.12834697942022572,0.12668732020358486,15.432500123977661,0.006529564402012467,0.006529564402012467
2025-01-03,9088,1209,1196,0.13303257042253522,0.13160211267605634,17.202499866485596,-0.005142855831223536,0.005142855831223536
2025-01-10,12087,1505,1484,0.12451394059733598,0.12277653677504757,17.77500057220459,-0.01935960674825432,0.01935960674825432
2025-01-17,12978,1719,1696,0.13245492371705964,0.1306826937894899,17.31800022125244,0.029440573597584008,0.029440573597584008
2025-01-24,15864,3005,2980,0.18942259203227432,0.18784669692385275,15.007500410079956,0.01738684448588801,0.01738684448588801
2025-01-31,17800,3016,2989,0.169438202247191,0.16792134831460676,16.62799987792969,-0.010115669648733006,0.010115669648733006
2025-02-07,21899,3371,3301,0.1539339695876524,0.1507374765971049,16.728000259399415,-0.0017447446967301383,0.0017447446967301383
2025-02-14,22044,4260,4223,0.19324986390854654,0.19157140264924696,15.518000411987305,0.01486420701719604,0.01486420701719604
2025-02-21,27284,6356,6309,0.23295704442163906,0.23123442310511655,16.12249994277954,-0.016007739186719494,0.016007739186719494
2025-02-28,19234,3627,3576,0.18857231985026515,0.18592076531142768,19.653999710083006,-0.009601021195011716,0.009601021195011716
2025-03-07,34111,7997,7924,0.2344405030635279,0.23230043094602915,23.292000579833985,-0.030731399278752014,0.030731399278752014
2025-03-14,33075,7282,7189,0.22016628873771732,0.21735449735449736,25.088000106811524,-0.022763481330060453,0.022763481330060453
2025-03-21,19014,3759,3711,0.19769643420637426,0.19517197854212687,20.238000106811523,0.005093165865751148,0.005093165865751148
2025-03-28,24955,4869,4816,0.19511120016028852,0.1929873772791024,18.65999984741211,-0.014752336686549516,0.014752336686549516
2025-04-04,34623,6840,6778,0.1975565375617364,0.19576582040839904,28.17800064086914,-0.09066691810661709,0.09066691810661709
2025-04-11,38615,8287,8225,0.21460572316457335,0.2130001294833614,42.242000579833984,0.05672113229247144,0.05672113229247144
2025-04-18,23974,5352,5319,0.22324184533244348,0.22186535413364478,30.824999809265137,-0.014102956147088452,0.014102956147088452
2025-04-25,19745,4821,4789,0.2441630792605723,0.24254241580146874,28.829999923706055,0.04602906041594168,0.04602906041594168
2025-05-02,22925,4749,4710,0.2071537622682661,0.2054525627044711,24.260000228881836,0.02927482085970934,0.02927482085970934
2025-05-09,18284,3226,3180,0.1764384161015095,0.17392255523955372,23.265999603271485,-0.004269756249970613,0.004269756249970613
2025-05-16,15877,2937,2895,0.18498456887321282,0.18233923285255402,18.059999847412108,0.05291129008819495,0.05291129008819495
2025-05-23,18218,3361,3335,0.18448786914041057,0.18306070918871445,19.934000396728514,-0.025395552619537076,0.025395552619537076
2025-05-30,13800,2193,2169,0.15891304347826088,0.15717391304347825,19.00499963760376,0.017751513440178224,0.017751513440178224
2025-06-06,12782,2444,2422,0.1912063839774683,0.18948521358159912,17.78200035095215,0.01654255827458706,0.01654255827458706
2025-06-13,13133,2175,2164,0.1656133404401127,0.16477575572984085,18.042000198364256,-0.0035719605897366336,0.0035719605897366336
2025-06-20,10011,1585,1577,0.1583258415742683,0.15752672060733194,20.36750030517578,-0.0016131806396344484,0.0016131806396344484
2025-06-27,12054,1810,1793,0.15015762402521984,0.1487473037995686,17.395999908447266,0.0347141910248836,0.0347141910248836
2025-07-04,13290,2226,2192,0.16749435665914222,0.16493604213694507,16.644999504089355,0.016961891267987417,0.016961891267987417
2025-07-11,15553,2722,2686,0.17501446666238024,0.17269980068154053,16.543999862670898,-0.0027505378065231234,0.0027505378065231234
2025-07-18,11531,1875,1853,0.16260515133119416,0.16069725088890816,16.93400001525879,0.006349959363387114,0.006349959363387114
2025-07-25,15194,2413,2391,0.15881268921942873,0.1573647492431223,15.768000030517578,0.015169444425870537,0.015169444425870537
2025-08-01,15655,2793,2765,0.17840945384861068,0.17662088789524114,16.71799945831299,-0.02414069163117849,0.02414069163117849
2025-08-08,16058,2864,2845,0.17835346867604931,0.17717025781541912,16.772000122070313,0.024866521152637766,0.024866521152637766
2025-08-15,18531,3278,3238,0.1768927742701419,0.17473422912956668,15.077999877929688,0.009824650506321975,0.009824650506321975
2025-08-22,15536,2104,2077,0.13542739443872295,0.13368949536560248,15.413999938964844,0.0029061269492467456,0.0029061269492467456
2025-08-29,18526,2832,2799,0.15286624203821655,0.1510849616754831,14.810000038146972,-0.00040289214014144203,0.00040289214014144203
2025-09-05,14685,2652,2626,0.18059244126659857,0.1788219271365339,16.00000023841858,0.0033950144843235552,0.0033950144843235552
2025-09-12,15443,2574,2542,0.16667745904293207,0.16460532279997409,14.994000053405761,0.015712945836960923,0.015712945836960923
2025-09-19,13203,2311,2301,0.1750359766719685,0.17427857305157918,15.784000015258789,0.012366883329310907,0.012366883329310907
2025-09-26,15899,2500,2473,0.15724259387382855,0.1555443738599912,16.189999961853026,-0.0028326211059341855,0.0028326211059341855
2025-10-03,12643,2178,2162,0.1722692398955944,0.17100371747211895,16.394000244140624,0.011166281482462237,0.011166281482462237
2025-10-10,12179,2377,2354,0.19517201740701207,0.1932835208145168,17.6,-0.02419284978471148,0.02419284978471148
2025-10-17,15945,2751,2725,0.17253057384760112,0.17089996864220758,21.313999938964844,0.01741146850294606,0.01741146850294606
2025-10-24,12988,2242,2217,0.1726208808130582,0.17069602710194026,17.67400016784668,0.01935610322526382,0.01935610322526382
2025-10-31,15073,2525,2499,0.16751807868373914,0.16579314005174817,16.69600009918213,0.0071022063827990145,0.0071022063827990145
2025-11-07,12875,2153,2113,0.1672233009708738,0.16411650485436893,18.552000045776367,-0.016259605096034524,0.016259605096034524
2025-11-14,18133,3254,3228,0.17945182815860586,0.1780179782716594,18.444000244140625,0.0014307277468821322,0.0014307277468821322
2025-11-21,12381,2448,2427,0.19772231645262903,0.19602616913011872,24.11599998474121,-0.01919834349992422,0.01919834349992422
2025-11-28,13016,1884,1866,0.14474492931776275,0.1433620159803319,18.15500020980835,0.036963435581080395,0.036963435581080395
2025-12-05,16008,2777,2749,0.17347576211894053,0.17172663668165916,16.219999885559083,0.0033655237201748456,0.0033655237201748456
2025-12-12,12839,2397,2369,0.18669678323856997,0.1845159280317782,15.990000152587891,-0.005731359283233206,0.005731359283233206
2025-12-19,12480,1917,1890,0.15360576923076924,0.15144230769230768,16.476000213623045,0.0012336869565610087,0.0012336869565610087
2025-12-26,12705,1983,1966,0.15608028335301063,0.1547422274695002,13.787500143051147,0.014281667553504684,0.014281667553504684
2026-01-02,11535,1684,1664,0.1459904638058084,0.14425661031642825,14.497499942779541,-0.010343234978203109,0.010343234978203109
2026-01-09,14720,2368,2332,0.1608695652173913,0.15842391304347825,14.993999862670899,0.015955073375985007,0.015955073375985007
2026-01-16,14453,2635,2596,0.1823150902926728,0.17961668857676608,15.90999984741211,-0.003472297735142793,0.003472297735142793
2026-01-23,16536,3321,3295,0.2008345428156749,0.19926221577164974,17.180000066757202,-0.003513317169158592,0.003513317169158592
2026-01-30,13463,2605,2581,0.1934932778726881,0.19171061427616432,16.63400001525879,0.003975464382848237,0.003975464382848237
2026-02-06,13588,2710,2672,0.199440682955549,0.19664409773329408,19.02400016784668,-0.0019509093706342462,0.0019509093706342462
2026-02-13,17282,3733,3718,0.21600509200324036,0.21513713690545075,18.844000244140624,-0.012843544696793607,0.012843544696793607
2026-02-20,16794,3032,2988,0.18054066928665,0.17792068595927116,19.80750036239624,0.011265220175134871,0.011265220175134871
2026-02-27,13437,2380,2352,0.17712286968817445,0.17503907122125476,19.395999908447266,-0.004989715564674757,0.004989715564674757
2026-03-06,13820,2561,2509,0.18531114327062229,0.18154848046309696,23.879999923706055,-0.019839895841150645,0.019839895841150645
2026-03-13,16881,3007,2950,0.17812925774539423,0.1747526805284047,25.828000259399413,-0.015006424506572302,0.015006424506572302
2026-03-20,10523,2028,1989,0.19272070702271216,0.1890145395799677,24.362000274658204,-0.018041526278676834,0.018041526278676834
2026-03-27,9148,1579,1551,0.1726060341058155,0.1695452557936161,27.38400001525879,-0.022326067713281827,0.022326067713281827
2026-04-03,10468,1758,1719,0.16794038975926634,0.1642147497134123,26.067500591278076,0.03428536411305094,0.03428536411305094
2026-04-10,12383,2091,2067,0.16886053460389244,0.1669223936041347,21.94200019836426,0.03603067056259723,0.03603067056259723
2026-04-17,11953,1902,1861,0.15912323266125658,0.1556931314314398,18.21400032043457,0.04515355152491507,0.04515355152491507
2026-04-24,9816,1557,1534,0.15861858190709047,0.1562754686226569,19.061999893188478,0.005351038518877527,0.005351038518877527
2026-05-01,11472,1807,1785,0.1575139470013947,0.15559623430962344,17.707999801635744,0.009398536196029594,0.009398536196029594
2026-05-08,9775,1570,1546,0.16061381074168798,0.15815856777493606,17.46599998474121,0.02354818248436108,0.02354818248436108
2026-05-15,15426,2745,2691,0.1779463243873979,0.17444574095682613,17.986000061035156,0.0021013576114108368,0.0021013576114108368
2026-05-22,9471,1738,1709,0.1835075493612079,0.18044557068947312,17.3560001373291,0.008753053328125482,0.008753053328125482
2026-05-29,12503,1812,1791,0.14492521794769256,0.14324562105094776,16.190000152587892,0.014537830973936128,0.014537830973936128
2026-06-05,15850,2276,2230,0.14359621451104101,0.14069400630914827,16.957999801635744,-0.02502378194384225,0.02502378194384225
2026-06-12,13216,2037,2007,0.1541313559322034,0.15186138014527845,19.626000213623048,0.005694531006802617,0.005694531006802617
2026-06-19,8750,1138,1114,0.13005714285714284,0.1273142857142857,16.862500190734863,0.00932087865599307,0.00932087865599307
2026-06-26,15722,2672,2638,0.1699529321969215,0.16779035746088283,18.539999771118165,-0.02376998718714518,0.02376998718714518
2026-07-03,9385,1275,1241,0.13585508790623335,0.13223228556206712,16.710000038146973,0.02166015895146023,0.02166015895146023
