date,n_pairs,net_valence,net_valence_mean,mean_intensity,emo_optimism_confidence,share_optimism_confidence,emo_excitement_euphoria,share_excitement_euphoria,emo_fear_anxiety,share_fear_anxiety,emo_pessimism_despair,share_pessimism_despair,emo_anger_disgust,share_anger_disgust,emo_confusion_uncertainty,share_confusion_uncertainty,emo_surprise,share_surprise,cell_fear_anxiety__inflation,cell_fear_anxiety__monetary_policy,cell_optimism_confidence__growth_gdp,cell_fear_anxiety__markets_themselves,cell_anger_disgust__fiscal_taxes,cell_optimism_confidence__corporate_earnings
2018-01-05,1081,-499.61,-0.46217391304347827,0.5410453283996299,49,0.045328399629972246,7,0.0064754856614246065,38,0.03515263644773358,105,0.0971322849213691,787,0.7280296022201665,67,0.061979648473635525,28,0.025901942645698426,0.5,0.0,0.5,2.0,42.12,0.75
2018-01-12,1653,-716.64,-0.43353901996370237,0.5314035087719298,116,0.07017543859649122,15,0.009074410163339383,70,0.04234724742891712,239,0.14458560193587416,1082,0.6545674531155475,117,0.07078039927404718,14,0.008469449485783424,2.25,1.25,2.25,1.5,113.5,0.0
2018-01-19,1544,-648.75,-0.42017487046632124,0.5369365284974094,99,0.06411917098445596,26,0.01683937823834197,59,0.03821243523316062,179,0.11593264248704663,1030,0.667098445595855,118,0.07642487046632124,33,0.021373056994818652,0.0,1.0,0.25,2.0,204.75,1.5
2018-01-26,1975,-793.64,-0.4018430379746835,0.5212303797468355,168,0.08506329113924051,26,0.013164556962025316,77,0.0389873417721519,277,0.14025316455696202,1276,0.6460759493670886,126,0.06379746835443038,25,0.012658227848101266,0.5,1.5,4.38,7.38,117.0,3.25
2018-02-02,1252,-506.02,-0.4041693290734824,0.5230031948881789,89,0.07108626198083066,18,0.01437699680511182,47,0.037539936102236424,185,0.1477635782747604,786,0.6277955271565495,103,0.08226837060702875,24,0.019169329073482427,1.38,1.5,5.5,3.0,173.12,0.0
2018-02-09,593,-199.76,-0.3368634064080944,0.49580101180438446,65,0.10961214165261383,13,0.021922428330522766,35,0.05902192242833052,55,0.09274873524451939,348,0.5868465430016864,69,0.1163575042158516,8,0.013490725126475547,1.0,3.0,1.25,3.38,41.75,0.0
2018-02-16,763,-293.27,-0.38436435124508517,0.500694626474443,60,0.07863695937090433,10,0.01310615989515072,79,0.10353866317169069,101,0.13237221494102228,438,0.5740498034076016,64,0.08387942332896461,11,0.014416775884665793,6.0,4.25,2.0,1.0,67.75,0.5
2018-02-23,977,-398.24,-0.40761514841351076,0.5227942681678608,67,0.06857727737973388,7,0.007164790174002047,81,0.08290685772773797,174,0.1780962128966223,539,0.5516888433981576,92,0.09416581371545547,17,0.017400204708290685,0.25,2.5,1.25,2.75,61.75,0.0
2018-03-02,960,-443.51,-0.46198958333333334,0.5372604166666667,54,0.05625,4,0.004166666666666667,53,0.05520833333333333,125,0.13020833333333334,663,0.690625,52,0.05416666666666667,9,0.009375,0.0,3.75,0.0,1.75,75.0,0.5
2018-03-09,2234,-930.65,-0.41658460161145927,0.5217323187108326,144,0.06445837063563116,26,0.011638316920322292,109,0.048791405550581916,414,0.18531781557743957,1342,0.6007162041181737,151,0.067591763652641,48,0.021486123545210387,1.0,4.63,0.5,1.38,111.25,0.25
2018-03-16,1385,-596.51,-0.4306931407942238,0.520231046931408,72,0.05198555956678701,22,0.01588447653429603,63,0.04548736462093863,195,0.1407942238267148,929,0.6707581227436823,82,0.0592057761732852,21,0.01516245487364621,0.0,0.5,0.25,4.75,83.5,0.0
2018-03-23,1555,-688.9,-0.44302250803858517,0.5334662379421221,93,0.05980707395498392,13,0.008360128617363344,97,0.062379421221864954,190,0.12218649517684887,1040,0.6688102893890675,105,0.06752411575562701,17,0.010932475884244373,1.5,9.25,0.5,1.5,234.5,0.0
2018-03-30,1126,-448.24,-0.3980817051509769,0.5165364120781527,88,0.07815275310834814,14,0.012433392539964476,47,0.041740674955595025,153,0.13587921847246892,722,0.6412078152753108,80,0.07104795737122557,22,0.019538188277087035,0.0,0.5,2.5,1.5,78.75,0.0
2018-04-06,1417,-600.78,-0.42398023994354267,0.5212844036697247,87,0.061397318278052226,5,0.0035285815102328866,92,0.06492589978828511,205,0.14467184191954835,889,0.6273817925194072,106,0.0748059280169372,33,0.02328863796753705,0.75,3.13,0.0,3.5,28.5,0.0
2018-04-13,1276,-554.9,-0.4348746081504702,0.5194278996865204,73,0.05721003134796238,6,0.004702194357366771,40,0.03134796238244514,141,0.11050156739811912,917,0.7186520376175548,76,0.05956112852664577,23,0.018025078369905956,0.5,0.75,0.0,0.0,105.0,0.5
2018-04-20,1377,-594.01,-0.43137981118373275,0.5326071169208424,98,0.07116920842411038,14,0.010167029774872912,83,0.06027596223674655,182,0.13217138707334786,908,0.6594045025417574,73,0.053013798111837325,19,0.013798111837327523,0.0,0.5,0.5,0.5,209.37,0.0
2018-04-27,1818,-749.4,-0.4122112211221122,0.5267601760176017,142,0.0781078107810781,21,0.01155115511551155,98,0.0539053905390539,260,0.14301430143014301,1142,0.6281628162816282,127,0.06985698569856985,28,0.015401540154015401,0.0,3.0,9.0,2.5,152.87,0.0
2018-05-04,1586,-710.16,-0.44776796973518285,0.5399873896595208,96,0.0605296343001261,6,0.0037831021437578815,97,0.06116015132408575,235,0.148171500630517,1022,0.6443883984867591,100,0.06305170239596469,30,0.018915510718789406,0.0,4.75,1.5,2.5,182.75,0.0
2018-05-11,1579,-672.14,-0.42567447751741605,0.527726409119696,95,0.06016466117796074,21,0.013299556681443952,68,0.04306523115896137,200,0.1266624445851805,1056,0.668777707409753,109,0.06903103229892336,28,0.01773274224192527,0.0,3.0,2.25,2.25,112.37,0.0
2018-05-18,1753,-737.25,-0.42056474614945805,0.5229834569309755,118,0.06731317741015402,18,0.01026811180832858,70,0.03993154592127781,248,0.1414717626925271,1163,0.6634341129492299,109,0.06217912150598973,27,0.01540216771249287,0.5,5.0,4.63,1.5,115.26,0.5
2018-05-25,2378,-985.91,-0.41459629941126996,0.5312447434819175,221,0.09293523969722456,18,0.007569386038687973,121,0.05088309503784693,495,0.20815811606391926,1384,0.5820016820857864,108,0.045416316232127836,31,0.013036164844407064,0.0,1.88,4.5,8.5,116.75,0.0
2018-06-01,1746,-721.89,-0.41345360824742267,0.5292325315005727,140,0.08018327605956473,22,0.012600229095074456,69,0.03951890034364261,247,0.14146620847651775,1125,0.6443298969072165,114,0.06529209621993128,29,0.016609392898052692,0.5,1.25,4.0,1.0,70.5,0.25
2018-06-08,1493,-633.89,-0.4245746818486269,0.5252980576021433,95,0.06363027461486939,11,0.007367716008037508,47,0.03148024112525117,178,0.11922304085733422,1014,0.6791694574681849,117,0.0783657066309444,31,0.020763563295378432,0.5,0.0,1.75,0.5,81.75,1.75
2018-06-15,2065,-884.4,-0.42828087167070217,0.5240823244552059,131,0.06343825665859563,16,0.00774818401937046,66,0.031961259079903145,288,0.13946731234866827,1393,0.6745762711864407,138,0.06682808716707021,33,0.015980629539951573,0.0,2.5,1.5,1.38,89.37,0.0
2018-06-22,1773,-742.27,-0.41865200225606314,0.5316074450084602,150,0.08460236886632826,10,0.0056401579244218835,93,0.05245346869712352,286,0.16130851663846588,1091,0.6153412295544275,125,0.07050197405527354,17,0.009588268471517203,1.75,0.5,5.25,4.63,79.0,1.0
2018-06-29,1777,-756.02,-0.4254473832301632,0.5310410804727068,129,0.07259425998874508,11,0.0061902082160945416,94,0.05289814293753517,249,0.14012380416432188,1148,0.6460326392796849,117,0.06584130557118739,29,0.016319639842431063,0.0,5.0,6.25,5.5,164.5,0.0
2018-07-06,2108,-903.88,-0.42878557874762807,0.5342931688804554,140,0.06641366223908918,35,0.016603415559772294,88,0.04174573055028463,322,0.1527514231499051,1368,0.6489563567362429,133,0.06309297912713473,21,0.009962049335863378,0.0,1.38,3.25,3.38,146.87,0.0
2018-07-13,2622,-1152.15,-0.4394164759725401,0.5305225019069413,146,0.05568268497330282,29,0.011060259344012205,101,0.038520213577421816,359,0.13691838291380626,1794,0.6842105263157895,152,0.057971014492753624,41,0.015636918382913808,0.0,5.0,3.0,2.63,234.37,0.0
2018-07-20,2647,-1065.11,-0.40238383075179446,0.5249036645258783,230,0.08689081979599547,23,0.008689081979599547,132,0.049867774839440875,456,0.17227049489988666,1578,0.5961465810351341,169,0.06384586324140537,59,0.022289384208537967,1.75,6.5,2.0,3.0,196.99,0.0
2018-07-27,1748,-694.88,-0.39752860411899316,0.5187643020594965,147,0.08409610983981694,20,0.011441647597254004,74,0.04233409610983982,249,0.14244851258581237,1087,0.6218535469107551,133,0.07608695652173914,38,0.021739130434782608,1.0,2.5,7.13,3.5,107.87,0.0
2018-08-03,2555,-1086.79,-0.42535812133072404,0.5281643835616439,173,0.06771037181996085,17,0.006653620352250489,82,0.03209393346379648,324,0.12681017612524462,1724,0.6747553816046967,174,0.06810176125244619,61,0.023874755381604697,0.0,1.0,5.0,3.0,164.5,0.25
2018-08-10,1692,-669.27,-0.3955496453900709,0.516128841607565,136,0.08037825059101655,21,0.012411347517730497,87,0.051418439716312055,274,0.16193853427895982,1014,0.599290780141844,136,0.08037825059101655,24,0.014184397163120567,2.5,8.5,4.25,3.5,63.13,0.0
2018-08-17,2187,-1002.38,-0.4583356195701875,0.5357841792409693,113,0.051668952903520804,10,0.004572473708276178,110,0.05029721079103795,262,0.11979881115683585,1535,0.7018747142203933,137,0.06264288980338363,20,0.009144947416552356,2.5,5.0,0.75,0.5,266.36,2.75
2018-08-24,2296,-1028.41,-0.4479137630662021,0.535962543554007,136,0.059233449477351915,15,0.006533101045296167,130,0.05662020905923345,303,0.13196864111498258,1545,0.6729094076655052,134,0.05836236933797909,32,0.013937282229965157,0.38,4.0,3.25,9.0,190.75,1.0
2018-08-31,2450,-1015.04,-0.4143020408163265,0.5267183673469388,180,0.07346938775510205,31,0.012653061224489797,126,0.05142857142857143,356,0.14530612244897959,1560,0.636734693877551,148,0.060408163265306125,49,0.02,1.0,1.0,12.25,9.38,224.25,1.0
2018-09-07,1561,-662.53,-0.4244266495836002,0.5239718129404228,89,0.057014734144778985,28,0.017937219730941704,93,0.05957719410634209,251,0.16079436258808455,973,0.6233183856502242,100,0.06406149903907751,25,0.016015374759769378,0.5,1.75,4.75,11.25,123.5,1.0
2018-09-14,2003,-799.79,-0.39929605591612577,0.5154518222666001,135,0.06739890164752871,26,0.012980529206190713,71,0.03544682975536695,324,0.1617573639540689,1226,0.6120818771842237,178,0.08886669995007489,43,0.021467798302546182,0.0,3.5,0.5,2.0,163.37,0.0
2018-09-21,1565,-635.33,-0.4059616613418531,0.5245878594249201,121,0.07731629392971245,14,0.008945686900958467,75,0.04792332268370607,224,0.14313099041533547,991,0.6332268370607029,117,0.07476038338658147,23,0.014696485623003195,0.0,2.0,0.5,4.25,64.5,0.0
2018-09-28,1417,-622.4,-0.43923782639378967,0.5301129146083274,78,0.05504587155963303,9,0.006351446718419196,85,0.05998588567395907,241,0.17007762879322513,874,0.6167960479887086,100,0.07057163020465773,30,0.02117148906139732,1.75,4.75,0.5,2.5,98.25,0.0
2018-10-05,2370,-1041.89,-0.4396160337552743,0.5320379746835443,152,0.06413502109704641,32,0.01350210970464135,98,0.04135021097046414,252,0.10632911392405063,1689,0.7126582278481013,116,0.048945147679324896,31,0.013080168776371307,0.0,3.0,0.0,1.0,343.75,1.0
2018-10-12,1898,-819.92,-0.4319915700737618,0.5388303477344574,124,0.06533192834562697,36,0.018967334035827187,118,0.06217070600632244,289,0.15226554267650158,1195,0.6296101159114857,111,0.058482613277133826,25,0.013171759747102213,2.25,9.63,3.75,3.5,128.88,0.25
2018-10-19,2037,-842.87,-0.41378006872852235,0.5300196367206677,167,0.0819833087874325,22,0.010800196367206676,119,0.058419243986254296,312,0.15316642120765833,1256,0.616593028964163,114,0.055964653902798235,47,0.023073146784486992,0.0,2.88,5.75,2.25,181.25,0.0
2018-10-26,1997,-758.04,-0.37958938407611414,0.5223284927391086,177,0.0886329494241362,45,0.022533800701051578,134,0.0671006509764647,296,0.14822233350025038,1158,0.5798698047070606,147,0.07361041562343515,40,0.020030045067601403,0.38,8.5,8.38,16.14,152.62,0.0
2018-11-02,2718,-1059.05,-0.38964311994113315,0.5304231052244297,214,0.07873436350257543,78,0.02869757174392936,136,0.05003679175864607,403,0.14827078734363502,1620,0.5960264900662252,173,0.06364974245768948,94,0.034584253127299486,0.5,1.88,26.5,3.25,297.13,0.0
2018-11-09,2616,-1128.9,-0.43153669724770644,0.5282071865443425,172,0.06574923547400612,22,0.008409785932721712,104,0.039755351681957186,420,0.16055045871559634,1692,0.6467889908256881,158,0.06039755351681957,48,0.01834862385321101,0.0,1.25,5.5,2.5,278.62,1.25
2018-11-16,2624,-1163.26,-0.4433155487804878,0.5324161585365853,149,0.056783536585365856,35,0.013338414634146341,81,0.03086890243902439,366,0.13948170731707318,1829,0.6970274390243902,121,0.04611280487804878,43,0.01638719512195122,0.5,5.25,1.38,1.25,344.62,0.0
2018-11-23,2833,-1146.29,-0.4046205435933639,0.5267243205082951,214,0.07553829862336746,27,0.00953053300388281,148,0.0522414401694317,429,0.15142957995058243,1727,0.6096011295446523,218,0.0769502294387575,70,0.024708789269325803,0.0,7.25,1.5,12.0,166.75,0.25
2018-11-30,2611,-1112.27,-0.42599387207966294,0.5316621983914209,189,0.07238605898123325,30,0.011489850631941785,114,0.043661432401378784,374,0.14324013787820758,1710,0.6549214860206817,144,0.055151283033320564,50,0.019149751053236307,0.0,4.38,3.75,6.5,114.5,4.5
2018-12-07,3303,-1427.11,-0.43206478958522554,0.537932182864063,257,0.07780805328489253,27,0.008174386920980926,157,0.04753254617014835,405,0.1226158038147139,2248,0.680593399939449,176,0.05328489252194974,33,0.009990917347865577,0.0,2.25,1.5,7.38,324.62,0.25
2018-12-14,3123,-1359.9,-0.43544668587896257,0.536765930195325,217,0.06948447006083894,52,0.01665065642010887,97,0.03105987832212616,416,0.13320525136087097,2156,0.6903618315722062,155,0.04963176432917067,30,0.009606147934678195,0.0,3.75,3.38,3.75,321.88,0.5
2018-12-21,2547,-1066.65,-0.41878680800942286,0.5290302316450727,193,0.07577542206517472,30,0.011778563015312132,125,0.04907734589713388,484,0.1900274833137024,1539,0.6042402826855123,127,0.04986258343148803,49,0.019238319591676482,4.5,7.75,10.25,5.0,129.87,0.25
2018-12-28,2768,-1103.28,-0.3985838150289017,0.534931358381503,271,0.09790462427745665,38,0.013728323699421965,136,0.049132947976878616,357,0.12897398843930635,1751,0.6325867052023122,168,0.06069364161849711,47,0.016979768786127166,0.5,20.5,16.75,14.75,160.13,0.0
2019-01-04,2656,-1126.29,-0.4240549698795181,0.527089608433735,191,0.07191265060240964,22,0.008283132530120483,87,0.03275602409638554,377,0.14194277108433734,1773,0.6675451807228916,158,0.05948795180722891,48,0.018072289156626505,0.0,2.0,5.75,5.0,128.88,3.75
2019-01-11,4683,-2114.29,-0.45148195601110397,0.5371150971599402,266,0.05680119581464873,43,0.009182148195601111,187,0.039931667734358314,510,0.10890454836643178,3380,0.7217595558402733,216,0.04612427930813581,81,0.01729660474055093,0.0,3.0,5.5,6.25,1006.37,2.5
2019-01-18,2831,-1225.8,-0.4329918756623101,0.5278452843518191,167,0.058989756269869305,18,0.006358177322500883,127,0.04486047333097845,400,0.14129282938890853,1877,0.6630166019074532,187,0.06605439773931474,55,0.01942776404097492,1.0,5.0,6.0,1.5,300.13,0.25
2019-01-25,3214,-1470.31,-0.4574704418170504,0.5386434349719975,165,0.05133789670192906,28,0.008711885500933417,148,0.04604853764779091,378,0.11761045426260112,2273,0.7072184194150591,175,0.05444928438083385,47,0.01462352209085252,0.0,5.13,5.0,4.0,608.88,0.75
2019-02-01,3408,-1525.55,-0.44763791079812204,0.5330633802816902,194,0.056924882629107984,31,0.009096244131455399,155,0.04548122065727699,406,0.11913145539906103,2383,0.6992370892018779,211,0.0619131455399061,28,0.008215962441314555,0.0,9.63,4.25,4.25,556.37,2.25
2019-02-08,3820,-1730.3,-0.4529581151832461,0.5379476439790576,224,0.05863874345549738,34,0.008900523560209424,188,0.049214659685863874,580,0.1518324607329843,2580,0.675392670157068,163,0.042670157068062826,51,0.013350785340314137,1.0,10.87,4.5,6.75,512.37,0.0
2019-02-15,4775,-2090.05,-0.43770680628272257,0.5314554973821989,310,0.06492146596858639,31,0.006492146596858639,210,0.04397905759162304,722,0.15120418848167538,3174,0.6647120418848168,245,0.05130890052356021,83,0.017382198952879582,0.5,7.0,9.63,4.0,630.99,0.5
2019-02-22,5030,-2163.27,-0.4300735586481113,0.5306600397614314,341,0.06779324055666004,57,0.011332007952286283,198,0.03936381709741551,721,0.1433399602385686,3360,0.6679920477137177,263,0.05228628230616302,90,0.017892644135188866,0.5,4.0,4.0,2.25,540.12,2.88
2019-03-01,4220,-1870.61,-0.4432725118483412,0.5369549763033175,262,0.06208530805687204,46,0.010900473933649289,145,0.034360189573459717,527,0.12488151658767772,2969,0.7035545023696682,223,0.052843601895734595,48,0.011374407582938388,0.0,4.25,10.38,3.63,622.12,3.25
2019-03-08,3156,-1348.8,-0.4273764258555133,0.5329847908745247,230,0.07287705956907478,32,0.010139416983523447,124,0.03929024081115336,450,0.14258555133079848,2099,0.6650823827629911,160,0.050697084917617236,61,0.019328263624841573,0.5,3.5,12.25,6.25,323.37,2.75
2019-03-15,3100,-1373.88,-0.4431870967741936,0.5319032258064517,188,0.06064516129032258,23,0.007419354838709678,134,0.043225806451612905,447,0.14419354838709678,2101,0.677741935483871,160,0.05161290322580645,47,0.015161290322580645,2.5,3.0,9.63,3.0,254.37,0.0
2019-03-22,3799,-1625.54,-0.42788628586470123,0.5272413793103449,251,0.06607001842590156,45,0.011845222426954462,160,0.042116346406949196,593,0.15609370887075547,2472,0.6506975519873651,231,0.060805475125032905,47,0.012371676757041327,1.0,14.0,12.0,9.63,389.12,0.5
2019-03-29,2820,-1188.93,-0.42160638297872344,0.5305283687943262,228,0.08085106382978724,22,0.007801418439716312,122,0.04326241134751773,443,0.1570921985815603,1803,0.6393617021276595,160,0.05673758865248227,42,0.014893617021276596,0.75,7.25,5.25,5.75,223.5,0.0
2019-04-05,2647,-1139.43,-0.4304608991310918,0.5288326407253494,168,0.0634680770683793,30,0.011333585190782017,115,0.043445409897997736,354,0.13373630525122782,1772,0.6694370986021911,153,0.05780128447298829,55,0.0207782395164337,1.5,0.88,4.75,6.0,224.5,0.25
2019-04-12,3467,-1473.65,-0.4250504759157774,0.5305941736371502,266,0.07672339198154024,43,0.012402653591000866,115,0.033169887510816266,544,0.15690798961638305,2276,0.6564753389097202,152,0.04384193827516585,71,0.02047880011537352,0.0,2.0,1.5,4.5,322.37,3.25
2019-04-19,3559,-1540.88,-0.43295307670694017,0.5361477943242484,251,0.0705254284911492,45,0.012644001123911211,171,0.0480472042708626,499,0.14020792357403766,2362,0.6636695701039618,188,0.052823826917673504,43,0.012082045518404047,1.0,12.0,5.0,11.87,384.49,0.0
2019-04-26,3353,-1337.77,-0.3989770354906054,0.5296212347151804,288,0.08589322994333433,64,0.019087384431852074,170,0.05070086489710707,461,0.13748881598568446,2096,0.6251118401431554,201,0.059946316731285414,73,0.02177154786758127,1.75,11.5,8.0,5.0,404.24,1.5
2019-05-03,3500,-1489.07,-0.4254485714285714,0.5336457142857143,264,0.07542857142857143,30,0.008571428571428572,105,0.03,465,0.13285714285714287,2351,0.6717142857142857,214,0.061142857142857145,71,0.020285714285714285,0.5,5.5,7.13,1.5,299.5,0.75
2019-05-10,4001,-1762.25,-0.4404523869032742,0.5450662334416396,274,0.06848287928017996,45,0.011247188202949263,136,0.03399150212446888,549,0.137215696075981,2720,0.6798300424893776,213,0.053236690827293175,64,0.015996000999750064,1.0,3.5,4.5,4.25,315.25,0.5
2019-05-17,3343,-1487.53,-0.444968591085851,0.5442536643733173,227,0.06790308106491176,36,0.010768770565360455,158,0.04726293748130422,491,0.14687406521088842,2196,0.6568950044869878,166,0.049655997606939874,68,0.02034101106790308,0.5,9.0,3.5,6.75,197.75,2.5
2019-05-24,3954,-1769.6,-0.44754678806272125,0.5430526049570056,232,0.05867475973697522,59,0.014921598381385938,160,0.04046535154274153,614,0.15528578654527062,2623,0.6633788568538189,218,0.05513404147698533,48,0.012139605462822459,3.0,12.0,5.25,2.5,485.62,1.5
2019-05-31,2989,-1364.4,-0.45647373703579797,0.5378655068584811,174,0.05821344931415189,16,0.005352960856473737,117,0.039143526262964204,382,0.12780194044831047,2130,0.7126129140180663,139,0.046503847440615594,31,0.010371361659417865,0.75,1.0,7.0,12.75,228.88,0.25
2019-06-07,3546,-1618.26,-0.4563620981387479,0.5419261139311901,221,0.06232374506486182,24,0.00676818950930626,127,0.03581500282007896,408,0.11505922165820642,2545,0.7177100958826848,182,0.05132543711223914,39,0.010998307952622674,0.5,5.5,6.5,4.5,417.25,0.5
2019-06-14,3265,-1393.06,-0.4266646248085758,0.5323001531393569,238,0.07289433384379786,40,0.01225114854517611,103,0.031546707503828486,478,0.1464012251148545,2174,0.6658499234303216,165,0.05053598774885146,67,0.020520673813169986,0.25,3.0,5.5,4.0,217.5,0.5
2019-06-21,2184,-895.64,-0.41009157509157507,0.5226785714285714,155,0.07097069597069597,31,0.014194139194139194,103,0.04716117216117216,324,0.14835164835164835,1375,0.6295787545787546,151,0.06913919413919414,45,0.020604395604395604,0.5,6.75,5.5,1.5,156.0,0.75
2019-06-28,4979,-2293.54,-0.4606426993372163,0.5505985137577827,277,0.055633661377786706,80,0.016067483430407713,140,0.028118096003213498,495,0.09941755372564771,3730,0.7491464149427596,196,0.039365334404498895,61,0.01225145611568588,0.5,3.0,2.5,6.75,1289.25,0.5
2019-07-05,2879,-1217.88,-0.4230218825981244,0.5312851684612713,186,0.06460576589093435,54,0.0187565126780132,152,0.05279610976033345,415,0.14414727335880514,1845,0.6408475164987844,162,0.0562695380340396,65,0.022577283779089963,0.75,11.5,10.76,8.25,259.0,2.5
2019-07-12,3938,-1822.84,-0.46288471305231077,0.5401904520060945,196,0.04977145759268664,34,0.008633824276282377,154,0.03910614525139665,445,0.11300152361604876,2866,0.7277805992889792,195,0.04951752158456069,45,0.01142712036566785,0.5,16.25,6.75,6.25,450.62,0.5
2019-07-19,3288,-1460.16,-0.44408759124087593,0.5381508515815085,205,0.06234793187347932,29,0.008819951338199513,160,0.04866180048661801,471,0.14324817518248176,2209,0.6718369829683698,170,0.05170316301703163,44,0.01338199513381995,1.5,3.75,8.5,6.75,311.11,4.75
2019-07-26,2427,-1051.43,-0.43322208487845076,0.5357725587144623,180,0.07416563658838071,29,0.011948908117016894,116,0.047795632468067575,339,0.13967861557478367,1614,0.6650185414091471,104,0.042851256695508856,45,0.018541409147095178,0.5,5.75,8.5,0.5,222.0,3.25
2019-08-02,3010,-1344.37,-0.4466345514950166,0.5352691029900333,157,0.052159468438538206,26,0.008637873754152824,115,0.03820598006644518,386,0.1282392026578073,2097,0.6966777408637874,175,0.05813953488372093,53,0.01760797342192691,2.5,16.0,3.0,4.38,199.87,0.0
2019-08-09,3873,-1680.03,-0.4337800154918668,0.5384301575006455,261,0.06738962044926414,42,0.010844306738962044,195,0.05034856700232378,605,0.15620965659695327,2466,0.6367157242447715,238,0.06145107152078492,65,0.01678285566744126,3.25,7.75,6.5,9.88,129.87,0.0
2019-08-16,2943,-1288.4,-0.4377845735643901,0.5385864763846415,167,0.056744818212708124,38,0.01291199456337071,126,0.04281345565749235,433,0.1471287801563031,1933,0.6568127760788312,184,0.06252123683316343,62,0.021066938498131158,1.0,6.25,7.88,6.0,199.62,0.0
2019-08-23,2978,-1271.51,-0.4269677635997314,0.5363633310946944,200,0.0671591672263264,32,0.010745466756212223,165,0.05540631296171927,469,0.1574882471457354,1850,0.6212222968435192,206,0.06917394224311618,56,0.01880456682337139,1.25,11.0,7.5,3.5,297.12,2.25
2019-08-30,3440,-1427.93,-0.41509593023255814,0.5350232558139535,281,0.0816860465116279,38,0.011046511627906977,199,0.057848837209302326,524,0.15232558139534882,2123,0.6171511627906977,209,0.06075581395348837,66,0.01918604651162791,0.5,5.25,16.5,6.25,217.0,0.5
2019-09-06,3004,-1263.14,-0.42048601864181095,0.5313049267643143,201,0.06691078561917443,40,0.013315579227696404,133,0.044274300932090546,423,0.1408122503328895,1947,0.6481358189081226,190,0.06324900133155792,70,0.02330226364846871,1.0,7.25,12.0,4.75,223.26,1.0
2019-09-13,3721,-1572.68,-0.42264982531577533,0.5309271701155603,279,0.0749798441279226,38,0.010212308519215264,142,0.038161784466541254,659,0.17710292932007524,2323,0.624294544477291,213,0.05724267669981188,66,0.017737167428110722,4.75,5.5,6.75,5.75,283.63,0.0
2019-09-20,4526,-1913.46,-0.4227706584180292,0.5339505081749889,317,0.07003977021652673,53,0.01171011931064958,255,0.056341140079540435,716,0.1581970835174547,2811,0.6210782147591692,278,0.06142288996906761,96,0.021210782147591693,2.0,28.39,10.5,8.0,519.48,0.0
2019-09-27,3548,-1610.72,-0.45397970687711386,0.5421420518602029,210,0.05918827508455468,24,0.006764374295377677,159,0.044813979706877116,396,0.11161217587373168,2502,0.7051860202931229,211,0.05947012401352875,46,0.012965050732807215,0.75,6.75,5.0,9.26,525.54,0.0
2019-10-04,3525,-1507.01,-0.4275205673758865,0.5289900709219858,212,0.060141843971631206,48,0.013617021276595745,156,0.04425531914893617,525,0.14893617021276595,2291,0.6499290780141844,197,0.05588652482269504,95,0.02695035460992908,0.0,7.5,5.63,9.0,225.0,0.0
2019-10-11,2963,-1270.27,-0.4287107661154235,0.5273135335808302,188,0.06344920688491394,31,0.010462369220384746,149,0.05028687141410732,371,0.12521093486331422,1976,0.6668916638542018,203,0.06851164360445494,45,0.015187310158623017,2.13,8.5,5.75,4.25,467.75,0.0
2019-10-18,3238,-1357.93,-0.4193730697961705,0.5246541074737492,241,0.07442865966646078,26,0.008029647930821495,144,0.044471896232242125,428,0.13218035824583077,2147,0.6630636195182211,203,0.06269302038295244,49,0.015132798023471278,0.0,5.88,4.5,1.75,406.37,3.25
2019-10-25,2945,-1292.49,-0.4388760611205433,0.5344787775891341,178,0.06044142614601019,30,0.010186757215619695,125,0.042444821731748725,393,0.133446519524618,1990,0.6757215619694398,175,0.059422750424448216,54,0.01833616298811545,0.0,6.87,5.25,13.0,228.0,1.13
2019-11-01,3388,-1473.77,-0.4349970484061393,0.5344362455726093,214,0.06316410861865407,41,0.012101534828807556,161,0.047520661157024795,449,0.13252656434474616,2271,0.6703069657615112,204,0.0602125147579693,48,0.014167650531286895,0.0,9.62,8.25,6.75,284.38,1.5
2019-11-08,4611,-2113.25,-0.45830622424636736,0.5406983300802428,251,0.05443504662762958,40,0.008674907829104316,186,0.04033832140533507,606,0.13142485361093037,3251,0.7050531338104533,203,0.0440251572327044,74,0.016048579483842983,1.0,10.12,9.75,12.75,539.0,2.5
2019-11-15,3961,-1740.26,-0.439348649330977,0.5333097702600353,262,0.06614491290078263,37,0.009341075485988387,155,0.0391315324413027,587,0.14819490027770765,2670,0.6740722039888917,191,0.04822014642766978,59,0.014895228477657157,0.0,3.5,8.25,2.25,308.5,0.25
2019-11-22,3288,-1416.67,-0.43086070559610706,0.5373600973236009,238,0.07238442822384428,33,0.010036496350364963,116,0.03527980535279805,398,0.12104622871046229,2263,0.6882603406326034,189,0.05748175182481752,51,0.01551094890510949,1.5,6.5,7.25,5.25,257.0,1.0
2019-11-29,3344,-1512.38,-0.4522667464114833,0.5386931818181818,206,0.06160287081339713,22,0.006578947368421052,122,0.03648325358851675,411,0.1229066985645933,2357,0.7048444976076556,169,0.05053827751196172,57,0.017045454545454544,1.0,4.25,7.25,4.0,350.62,0.0
2019-12-06,4352,-1945.66,-0.44707261029411766,0.5467072610294118,303,0.06962316176470588,45,0.010340073529411764,157,0.03607536764705882,539,0.12385110294117647,3052,0.7012867647058824,204,0.046875,52,0.011948529411764705,0.0,3.5,11.0,8.62,413.74,0.0
2019-12-13,4697,-2059.27,-0.43842239727485627,0.5394847775175644,334,0.07110921865020225,53,0.011283798169044072,217,0.046199701937406856,716,0.15243772620821802,3092,0.6582925271449862,220,0.0468384074941452,65,0.013838620395997446,1.0,3.5,8.0,8.25,355.87,3.25
2019-12-20,2978,-1298.9,-0.4361652115513768,0.5353962390866354,189,0.06346541302887844,37,0.012424445936870383,122,0.0409670920080591,396,0.13297515110812627,2016,0.6769644056413701,166,0.05574210879785091,52,0.017461383478844864,1.75,8.5,12.75,7.0,189.87,0.75
2019-12-27,3112,-1369.94,-0.4402120822622108,0.5387885604113111,228,0.07326478149100257,25,0.008033419023136246,136,0.043701799485861184,440,0.14138817480719795,2079,0.6680591259640103,167,0.05366323907455013,37,0.011889460154241645,0.0,8.5,13.13,8.75,331.37,3.25
2020-01-03,3746,-1695.4,-0.4525894287239723,0.5430619327282434,239,0.06380138814735718,30,0.00800854244527496,128,0.03416978109983983,483,0.12893753336892685,2640,0.7047517351841964,181,0.04831820608649226,45,0.01201281366791244,0.0,5.5,6.0,7.25,401.05,0.75
2020-01-10,2567,-1134.26,-0.44186209583171016,0.5356641994546163,163,0.06349824698091157,20,0.007791195948578107,71,0.02765874561745228,295,0.11492014024152708,1832,0.7136735488897545,143,0.05570705103233346,43,0.01675107128944293,0.5,3.75,6.75,3.25,302.5,1.0
2020-01-17,3814,-1620.51,-0.424884635553225,0.532233875196644,273,0.07157839538542213,33,0.00865233350812795,146,0.03828002097535396,523,0.13712637650760356,2531,0.6636077608809648,240,0.06292606187729417,68,0.01782905086523335,5.0,6.0,4.75,6.25,357.25,2.25
2020-01-24,3810,-1663.77,-0.43668503937007874,0.5333464566929134,261,0.06850393700787402,29,0.007611548556430446,147,0.03858267716535433,520,0.13648293963254593,2600,0.6824146981627297,167,0.04383202099737533,86,0.02257217847769029,0.0,12.63,12.5,2.13,244.25,0.0
2020-01-31,3153,-1372.14,-0.43518553758325407,0.5345417063114495,193,0.061211544560735805,36,0.011417697431018078,142,0.04503647320012686,455,0.1443070091975896,2088,0.6622264509990485,190,0.06026006977481763,49,0.015540754836663496,0.0,5.75,7.25,3.25,235.88,1.5
2020-02-07,3186,-1333.39,-0.4185153797865663,0.5286629001883238,244,0.07658505963590709,43,0.01349654739485248,122,0.038292529817953544,416,0.13057124921531701,2132,0.6691776522284997,184,0.05775266792215945,44,0.013810420590081607,6.38,2.5,4.25,9.5,277.37,4.0
2020-02-14,4562,-1939.79,-0.42520604997807976,0.5412012275317843,359,0.07869355545813239,68,0.014905743095133712,191,0.041867601928978516,631,0.13831652783866724,3026,0.6633055677334503,205,0.04493643138974134,81,0.017755370451556333,0.5,7.38,12.0,8.5,470.98,0.5
2020-02-21,4288,-1832.27,-0.4273017723880597,0.5353194962686567,303,0.07066231343283583,56,0.013059701492537313,171,0.03987873134328358,733,0.1709421641791045,2710,0.6319962686567164,219,0.05107276119402985,96,0.022388059701492536,0.5,3.75,8.25,3.75,238.25,0.0
2020-02-28,3242,-1236.9,-0.38152375077112893,0.5302467612584824,317,0.09777914867365824,84,0.025909932140653916,258,0.0795805058605799,587,0.1810610734114744,1755,0.541332510795805,206,0.0635410240592227,35,0.0107958050586058,0.5,9.75,19.75,24.14,172.62,1.0
2020-03-06,4428,-1775.76,-0.401029810298103,0.530672990063234,380,0.08581752484191509,58,0.013098464317976514,348,0.07859078590785908,711,0.16056910569105692,2541,0.5738482384823849,285,0.06436314363143632,105,0.023712737127371274,3.5,22.38,19.88,21.25,159.0,1.0
2020-03-13,5417,-2117.67,-0.3909304042828134,0.5317500461510061,499,0.09211740815949787,106,0.01956802658297951,357,0.06590363669928004,1068,0.19715709802473694,2935,0.5418128115192912,357,0.06590363669928004,95,0.017537382314934465,0.75,19.75,29.5,57.38,377.86,1.38
2020-03-20,10184,-4459.82,-0.4379241948153967,0.5447230950510605,711,0.069815396700707,118,0.011586802827965436,835,0.08199135899450118,1930,0.18951296150824823,5791,0.5686370777690495,641,0.06294186959937156,157,0.015416339355852317,3.13,65.63,32.38,57.38,1155.24,8.5
2020-03-27,10109,-4661.28,-0.46110198832723315,0.5592115936294391,679,0.0671678702146602,105,0.010386784053813434,688,0.06805816599070136,1569,0.15520823028984074,6474,0.6404194282322683,493,0.04876842417647641,99,0.009793253536452665,5.5,32.5,36.75,20.75,1360.48,17.5
2020-04-03,7263,-3102.14,-0.4271155170039928,0.5452072146495939,604,0.08316122814264078,69,0.00950020652622883,587,0.08082059754922208,1552,0.21368580476387167,3932,0.5413740878424893,411,0.056588186699710864,108,0.01486988847583643,9.0,26.5,32.13,15.5,498.11,2.5
2020-04-10,4972,-2145.52,-0.43152051488334675,0.5435096540627514,351,0.07059533386967015,59,0.011866452131938857,364,0.07320997586484312,981,0.19730490748189863,2814,0.5659694288012872,317,0.06375703942075624,86,0.01729686242960579,2.87,26.63,18.75,10.5,383.63,3.5
2020-04-17,4914,-2156.07,-0.4387606837606838,0.544000814000814,365,0.07427757427757428,46,0.009361009361009361,296,0.060236060236060235,939,0.19108669108669107,2939,0.598087098087098,252,0.05128205128205128,76,0.015466015466015465,2.75,10.38,21.5,6.5,393.75,6.0
2020-04-24,6003,-2563.27,-0.42699816758287523,0.5409095452273863,449,0.0747959353656505,69,0.011494252873563218,418,0.06963185074129602,926,0.15425620523071798,3655,0.6088622355488922,377,0.06280193236714976,108,0.017991004497751123,8.25,23.0,10.0,19.63,958.24,6.25
2020-05-01,5889,-2608.28,-0.4429071149600951,0.545187637969095,431,0.07318729835286127,49,0.008320597724571235,359,0.06096111394124639,1043,0.1771098658515877,3639,0.6179317371370352,283,0.04805569706231958,84,0.014263881813550688,5.5,24.5,21.5,6.26,546.37,3.0
2020-05-08,5611,-2417.82,-0.43090714667617186,0.5431099625735163,465,0.08287292817679558,64,0.011406166458741757,310,0.055248618784530384,1150,0.20495455355551595,3260,0.5810016039921583,289,0.051505970415255745,73,0.013010158617002316,4.5,11.0,14.0,9.13,428.0,7.0
2020-05-15,6315,-2691.04,-0.42613460015835314,0.5361963578780681,492,0.07790973871733967,85,0.013460015835312747,350,0.055423594615993665,1198,0.1897070467141726,3787,0.5996832937450515,303,0.047980997624703085,99,0.015676959619952493,5.38,15.0,12.38,5.5,527.62,1.75
2020-05-22,6971,-3052.85,-0.4379357337541242,0.5440639793429924,490,0.07029120642662459,102,0.014632047052072873,406,0.05824128532491751,1204,0.1727155357911347,4294,0.6159804906039306,336,0.048199684406828286,139,0.019939750394491463,2.0,11.25,16.13,17.25,746.67,3.25
2020-05-29,4767,-2032.45,-0.4263582966226138,0.536312146003776,370,0.0776169498636459,60,0.012586532410320957,292,0.061254457730228654,955,0.20033564086427522,2758,0.57856093979442,255,0.05349276274386407,77,0.016152716593245228,1.0,15.75,17.25,12.5,310.75,7.0
2020-06-05,4601,-1891.27,-0.4110562921104108,0.5382199521843077,377,0.0819387089763095,58,0.012605955227124538,281,0.06107367963486199,898,0.19517496196479026,2562,0.5568354705498805,341,0.07411432297326669,84,0.018256900673766573,1.5,12.5,22.25,12.75,446.12,0.0
2020-06-12,4513,-1985.86,-0.4400310214934633,0.5462087303345889,313,0.06935519610015511,46,0.010192776423664968,218,0.04830489696432528,663,0.14690892975847553,2921,0.6472413029027254,284,0.06292931531132284,68,0.015067582539330823,2.0,17.5,9.38,15.13,446.09,2.0
2020-06-19,5444,-2424.78,-0.4454041146216018,0.5488280675973549,386,0.07090374724467303,52,0.009551800146950772,315,0.05786186627479794,926,0.17009551800146952,3394,0.6234386480529023,304,0.055841293166789124,66,0.012123438648052902,5.75,32.0,11.25,24.26,532.74,0.25
2020-06-26,4298,-1843.63,-0.4289506747324337,0.5410795718939041,331,0.07701256398324802,52,0.01209865053513262,227,0.05281526291298278,808,0.18799441600744532,2575,0.5991158678455095,236,0.05490926012098651,69,0.016053978594695206,3.0,9.5,8.89,10.25,298.12,2.5
2020-07-03,5415,-2412.27,-0.4454792243767313,0.5466703601108033,358,0.06611265004616805,51,0.009418282548476454,268,0.0494921514312096,1009,0.18633425669436748,3356,0.6197599261311173,285,0.05263157894736842,88,0.016251154201292705,3.5,11.25,8.63,12.25,455.74,2.0
2020-07-10,4274,-1885.02,-0.4410435189518016,0.5420215255030416,285,0.06668226485727656,58,0.01357042583060365,285,0.06668226485727656,859,0.20098268600842303,2497,0.584230229293402,230,0.05381375760411792,60,0.014038371548900327,1.5,11.0,5.25,6.0,278.87,3.75
2020-07-17,5873,-2658.87,-0.45272773710199216,0.5490941597139452,363,0.061808275157500425,55,0.009364890175378853,380,0.06470287757534479,1062,0.18082751575004258,3596,0.6122935467393155,315,0.05363528009535161,102,0.017367614507066236,2.5,21.62,8.13,14.25,629.62,1.5
2020-07-24,9461,-4599.46,-0.4861494556600782,0.5568977909311913,467,0.049360532713243845,57,0.006024733114892718,579,0.061198604798647076,1474,0.15579748440968186,6406,0.6770954444561885,352,0.03720536941126731,125,0.013212134023887538,6.5,36.75,8.0,8.25,1282.61,0.5
2020-07-31,9372,-4335.76,-0.4626291079812207,0.5505271020059752,586,0.06252667520273154,72,0.0076824583866837385,511,0.05452411438326931,1665,0.17765685019206146,6022,0.6425522833973538,382,0.040759709773794284,133,0.014191207853179684,1.75,12.0,14.88,10.75,974.99,4.25
2020-08-07,5016,-2304.12,-0.4593540669856459,0.5471551036682616,288,0.05741626794258373,29,0.0057814992025518345,249,0.049641148325358854,786,0.15669856459330145,3308,0.6594896331738437,260,0.051834130781499205,96,0.019138755980861243,3.5,9.0,6.75,9.63,588.24,0.5
2020-08-14,8261,-3816.64,-0.4620070209417746,0.554135092603801,552,0.0668199975789856,62,0.007505144655610701,453,0.05483597627405883,1898,0.22975426703788887,4862,0.5885486018641811,303,0.036678368236291004,130,0.015736593632732113,1.0,12.25,10.13,9.25,985.99,2.25
2020-08-21,4707,-2003.19,-0.4255768005098789,0.5383173996175908,351,0.0745697896749522,58,0.01232207350754196,231,0.049075844486934354,823,0.17484597408115574,2896,0.615253877204164,260,0.05523688124070533,88,0.01869555980454642,3.5,12.0,6.75,10.0,457.62,1.5
2020-08-28,4252,-1856.57,-0.43663452492944493,0.541650987770461,303,0.07126058325493885,48,0.011288805268109126,250,0.05879586077140169,745,0.17521166509877706,2627,0.617826904985889,209,0.049153339604891814,69,0.016227657572906867,3.0,18.88,15.0,13.0,472.12,0.5
2020-09-04,5293,-2055.02,-0.3882524088418666,0.5329132816928018,556,0.10504439826185528,85,0.016058945777441904,335,0.06329113924050633,919,0.17362554317022483,2985,0.5639523899489892,314,0.059323634989608916,99,0.018703948611373512,2.0,21.5,9.13,10.0,351.5,2.5
2020-09-11,3513,-1595.76,-0.4542442356959863,0.5466922857956162,228,0.06490179333902647,35,0.009962994591517222,172,0.04896100199259892,647,0.18417307144890407,2232,0.6353543979504697,166,0.04725306006262454,33,0.009393680614859094,1.0,7.75,4.25,7.62,357.88,0.75
2020-09-18,4024,-1828.22,-0.4543290258449304,0.5435213717693838,238,0.059145129224652086,35,0.008697813121272366,166,0.04125248508946322,656,0.16302186878727634,2663,0.661779324055666,218,0.05417495029821073,48,0.011928429423459244,1.0,5.5,8.0,4.5,358.0,3.25
2020-09-25,3685,-1625.54,-0.441123473541384,0.5437340569877883,247,0.06702849389416554,37,0.010040705563093623,151,0.040976933514246944,645,0.17503392130257803,2358,0.6398914518317503,172,0.04667571234735414,74,0.020081411126187245,1.0,4.75,8.25,3.75,261.88,1.0
2020-10-02,3784,-1573.78,-0.41590380549682876,0.5365856236786469,326,0.08615221987315011,51,0.013477801268498943,145,0.038319238900634246,708,0.18710359408033828,2288,0.6046511627906976,178,0.04704016913319239,88,0.023255813953488372,1.0,3.25,2.75,5.5,381.63,3.0
2020-10-09,2996,-1327.24,-0.4430040053404539,0.5475767690253671,200,0.06675567423230974,37,0.012349799732977304,142,0.04739652870493992,468,0.15620827770360482,1933,0.6451935914552737,176,0.05874499332443257,40,0.01335113484646195,0.5,6.25,6.25,1.5,454.87,1.0
2020-10-16,4218,-1916.29,-0.4543124703651019,0.5404362256993835,234,0.05547652916073969,40,0.00948316737790422,137,0.03247984826932195,778,0.1844476055002371,2772,0.6571834992887624,181,0.0429113323850166,76,0.018018018018018018,1.0,7.0,3.25,2.75,485.47,1.0
2020-10-23,2943,-1296.9,-0.44067278287461775,0.5422358137954468,207,0.07033639143730887,33,0.011213047910295617,106,0.036017669045191984,474,0.16106014271151886,1934,0.6571525654094461,142,0.048250084947332655,47,0.015970098538905877,0.5,4.5,5.25,3.75,242.62,0.25
2020-10-30,2724,-1235.62,-0.45360499265785603,0.5441556534508076,165,0.0605726872246696,15,0.005506607929515419,142,0.052129221732745964,468,0.17180616740088106,1746,0.6409691629955947,145,0.05323054331864904,43,0.0157856093979442,1.5,11.75,5.75,7.38,270.59,0.0
2020-11-06,2236,-946.52,-0.42330948121645795,0.5387030411449016,179,0.08005366726296959,19,0.00849731663685152,122,0.05456171735241502,407,0.18202146690518783,1323,0.5916815742397138,152,0.06797853309481217,34,0.01520572450805009,0.5,12.5,3.0,6.0,175.75,0.5
2020-11-13,3683,-1651.14,-0.44831387455878363,0.547390714091773,264,0.0716806950855281,48,0.0130328536519142,194,0.05267445017648656,489,0.13277219657887593,2491,0.676350800977464,157,0.04262829215313603,40,0.010860711376595167,0.5,10.25,3.75,1.0,639.48,0.0
2020-11-20,2541,-1131.75,-0.44539551357733176,0.547642660369933,175,0.06887052341597796,25,0.009838646202282565,101,0.03974813065722157,359,0.14128295946477765,1713,0.6741440377804014,126,0.049586776859504134,42,0.01652892561983471,0.0,9.63,3.75,1.25,320.62,0.25
2020-11-27,2133,-874.29,-0.409887482419128,0.5316268166901078,155,0.07266760431317393,35,0.016408813877168308,95,0.04453820909517112,402,0.18846694796061886,1262,0.5916549460853259,125,0.05860290670417253,59,0.027660571964369433,0.5,3.75,2.5,5.75,171.25,1.0
2020-12-04,4540,-1960.43,-0.43181277533039647,0.536942731277533,333,0.07334801762114537,50,0.011013215859030838,149,0.03281938325991189,735,0.1618942731277533,2957,0.6513215859030838,256,0.05638766519823789,60,0.013215859030837005,0.0,4.5,4.0,5.25,619.86,1.25
2020-12-11,4896,-2164.82,-0.4421609477124183,0.548045343137255,346,0.07066993464052287,66,0.013480392156862746,287,0.058619281045751634,786,0.16053921568627452,3105,0.6341911764705882,258,0.05269607843137255,48,0.00980392156862745,3.25,10.75,8.75,5.5,664.05,3.5
2020-12-18,5768,-2625.53,-0.45518897364771155,0.5491886269070735,367,0.06362690707350901,58,0.010055478502080445,197,0.03415395284327323,751,0.1302011095700416,4027,0.6981622746185853,243,0.042128987517337034,124,0.021497919556171984,1.5,6.5,6.75,3.0,653.37,6.5
2020-12-25,6655,-3132.6,-0.4707137490608565,0.5555972952667168,408,0.061307287753568744,55,0.008264462809917356,196,0.02945154019534185,918,0.1379413974455297,4734,0.7113448534936139,242,0.03636363636363636,102,0.015326821938392186,2.25,1.0,4.5,1.5,1323.41,7.25
2021-01-01,3905,-1732.79,-0.4437362355953905,0.5431395646606915,289,0.07400768245838668,39,0.00998719590268886,151,0.038668373879641484,545,0.13956466069142126,2680,0.6862996158770807,161,0.0412291933418694,40,0.010243277848911651,1.5,4.0,8.75,4.5,521.12,1.5
2021-01-08,4486,-1958.27,-0.4365292019616585,0.5478332590280873,330,0.07356219349086046,70,0.01560410164957646,243,0.05416852429781543,613,0.13664734730271957,2937,0.654703522068658,233,0.0519393669193045,60,0.013374944271065538,3.25,15.25,8.0,6.5,697.88,0.0
2021-01-15,4398,-1707.27,-0.3881923601637108,0.5224124602091861,378,0.08594815825375171,66,0.015006821282401092,223,0.050704865848112776,774,0.17598908594815826,2522,0.5734424738517508,265,0.06025466120964074,168,0.03819918144611187,5.5,16.25,2.5,4.75,481.12,1.0
2021-01-22,3973,-1732.92,-0.4361741756858797,0.5393833375283161,300,0.07550969041026932,37,0.00931286181726655,158,0.03976843694940851,616,0.15504656430908634,2617,0.6586961993455827,189,0.04757110495846967,55,0.013843443241882709,3.75,8.25,3.75,2.0,340.0,1.75
2021-01-29,4248,-1698.55,-0.3998469868173258,0.5388323917137476,321,0.07556497175141243,140,0.03295668549905838,171,0.04025423728813559,549,0.1292372881355932,2748,0.6468926553672316,234,0.05508474576271186,85,0.020009416195856874,2.75,4.0,2.25,20.12,415.49,0.5
2021-02-05,3884,-1628.64,-0.4193202883625129,0.5489598352214212,306,0.07878475798146241,80,0.02059732234809475,190,0.04891864057672503,433,0.11148300720906282,2576,0.6632337796086509,242,0.06230690010298661,57,0.014675592173017508,2.0,5.75,2.88,31.25,187.25,3.25
2021-02-12,3836,-1681.88,-0.4384462982273202,0.5422497393117831,268,0.06986444212721585,45,0.01173096976016684,157,0.04092805005213764,508,0.132429614181439,2586,0.6741397288842544,219,0.05709071949947862,53,0.013816475495307613,1.5,10.75,7.75,4.5,440.5,0.0
2021-02-19,3921,-1667.28,-0.42521805661820966,0.5405304769191533,281,0.07166539148176486,56,0.01428207090028054,169,0.043101249681203775,642,0.1637337413925019,2453,0.6256057128283601,236,0.060188727365467994,84,0.02142310635042081,7.5,14.25,2.75,6.63,261.74,0.25
2021-02-26,2966,-1265.88,-0.42679703304113287,0.5361834120026973,224,0.07552258934592043,21,0.0070802427511800405,128,0.04315576534052596,410,0.13823331085637222,1941,0.6544167228590695,180,0.060687795010114634,62,0.020903573836817263,2.5,5.75,2.75,4.38,252.99,0.0
2021-03-05,4343,-1958.14,-0.4508726686622151,0.5451991710798987,274,0.06309002993322588,35,0.008058945429426664,202,0.046511627906976744,613,0.14114667280681556,2909,0.6698134929772047,248,0.05710338475708036,62,0.01427584618927009,7.75,15.25,0.5,5.75,611.49,1.5
2021-03-12,3556,-1431.19,-0.4024718785151856,0.5323312710911137,332,0.09336332958380203,55,0.01546681664791901,202,0.05680539932508436,620,0.17435320584926883,2103,0.5913948256467941,194,0.05455568053993251,50,0.0140607424071991,2.0,12.88,14.0,15.5,322.38,0.5
2021-03-19,4496,-1780.66,-0.3960542704626335,0.52918371886121,433,0.09630782918149466,67,0.014902135231316727,208,0.046263345195729534,655,0.14568505338078291,2800,0.6227758007117438,261,0.058051601423487545,72,0.01601423487544484,8.5,17.63,10.0,5.38,586.75,0.0
2021-03-26,3801,-1486.68,-0.3911286503551697,0.5370902394106815,369,0.09707971586424625,72,0.018942383583267563,168,0.04419889502762431,469,0.12338858195211787,2432,0.6398316232570376,239,0.06287818995001315,52,0.013680610365693239,4.5,15.5,6.5,3.25,620.12,1.5
2021-04-02,4221,-1820.75,-0.4313551291163231,0.5335607675906183,302,0.07154702677090737,45,0.010660980810234541,190,0.045013030087656954,639,0.1513859275053305,2766,0.6552949538024165,220,0.05212035062781331,59,0.013977730395640844,6.0,5.0,3.75,6.25,508.62,0.5
2021-04-09,5020,-2285.91,-0.45536055776892426,0.5435019920318725,265,0.052788844621513946,66,0.013147410358565738,156,0.031075697211155377,592,0.11792828685258964,3633,0.7237051792828685,224,0.04462151394422311,83,0.016533864541832668,2.0,5.25,2.75,1.75,557.87,2.5
2021-04-16,3380,-1369.16,-0.4050769230769231,0.5303491124260354,288,0.08520710059171598,50,0.014792899408284023,162,0.04792899408284024,540,0.15976331360946747,2070,0.6124260355029586,214,0.06331360946745562,56,0.016568047337278107,4.25,9.5,6.25,3.5,208.0,0.5
2021-04-23,3320,-1325.89,-0.39936445783132535,0.5249849397590362,273,0.0822289156626506,50,0.015060240963855422,163,0.04909638554216868,445,0.13403614457831325,2112,0.636144578313253,218,0.06566265060240964,59,0.017771084337349398,3.25,6.0,7.88,5.5,447.86,0.5
2021-04-30,4393,-1957.29,-0.4455474618711587,0.5400204871386296,289,0.06578647848850444,40,0.009105394946505805,164,0.0373321192806738,591,0.13453221033462326,3023,0.6881402230821762,195,0.044388800364215796,91,0.020714773503300705,6.25,14.5,6.25,4.25,528.75,1.5
2021-05-07,5888,-2454.1,-0.416796875,0.5460716711956521,542,0.09205163043478261,74,0.012567934782608696,234,0.03974184782608696,806,0.13688858695652173,3851,0.6540421195652174,293,0.04976222826086957,88,0.014945652173913044,14.63,12.75,5.25,8.88,341.49,1.0
2021-05-14,4125,-1761.92,-0.42713212121212124,0.5364484848484848,315,0.07636363636363637,61,0.014787878787878787,185,0.044848484848484846,581,0.14084848484848486,2726,0.6608484848484848,177,0.04290909090909091,80,0.019393939393939394,8.37,11.75,5.0,5.25,204.75,0.25
2021-05-21,3154,-1220.29,-0.3869023462270133,0.5244800253646164,304,0.0963855421686747,51,0.016169942929613188,136,0.04311984781230184,496,0.15726062143310082,1909,0.6052631578947368,189,0.05992390615091947,69,0.02187698161065314,9.75,9.75,4.0,7.75,192.87,0.0
2021-05-28,3547,-1442.89,-0.4067916549196504,0.5308260501832535,285,0.08034959120383423,51,0.014378347899633492,201,0.056667606427967296,510,0.14378347899633492,2187,0.6165773893431068,252,0.07104595432760079,61,0.017197631801522412,14.75,24.25,1.5,8.75,440.37,0.0
2021-06-04,4172,-1868.41,-0.4478451581975072,0.5390604026845638,281,0.06735378715244487,25,0.005992329817833174,164,0.039309683604985615,804,0.19271332694151486,2650,0.6351869606903164,181,0.04338446788111218,66,0.015819750719079578,6.26,8.75,5.25,2.5,327.0,2.0
2021-06-11,3117,-1315.7,-0.4221045877446263,0.5344786653833815,249,0.07988450433108758,31,0.009945460378569138,200,0.06416426050689766,495,0.1588065447545717,1927,0.6182226499839589,181,0.05806865575874238,34,0.010907924286172602,11.75,16.13,2.0,6.0,256.5,1.75
2021-06-18,3470,-1450.17,-0.41791642651296834,0.5343487031700288,268,0.07723342939481267,60,0.01729106628242075,161,0.04639769452449568,534,0.15389048991354468,2203,0.6348703170028819,183,0.05273775216138329,61,0.017579250720461095,6.0,15.5,2.5,10.38,245.5,0.0
2021-06-25,2867,-1113.28,-0.3883083362399721,0.5346703871642833,273,0.0952214858737356,47,0.01639344262295082,152,0.053017091035926056,509,0.17753749564004184,1615,0.5633065922567143,208,0.07254970352284618,63,0.021974189047785142,5.75,13.38,4.75,5.0,169.5,0.5
2021-07-02,1387,-605.51,-0.4365609228550829,0.5428262436914203,94,0.06777217015140591,25,0.01802451333813987,58,0.0418168709444845,239,0.17231434751261715,880,0.6344628695025234,69,0.04974765681326604,21,0.01514059120403749,1.5,5.5,2.0,3.25,90.75,1.0
2021-07-09,1507,-657.26,-0.43613802256138023,0.5363370935633709,89,0.059057730590577305,21,0.013934970139349702,50,0.033178500331785,187,0.12408759124087591,1040,0.6901128069011281,87,0.0577305905773059,33,0.021897810218978103,3.0,3.0,0.5,2.0,113.75,0.5
2021-07-16,2149,-866.76,-0.40333178222429034,0.5283992554676593,187,0.08701721731037693,29,0.013494648673801768,132,0.06142391810144253,337,0.15681712424383434,1291,0.6007445323406235,143,0.0665425779432294,30,0.013959981386691484,9.0,14.13,5.75,6.0,127.5,0.0
2021-07-23,1869,-781.02,-0.4178812199036918,0.5311182450508293,137,0.07330123060460139,27,0.014446227929373997,81,0.04333868378812199,285,0.15248796147672553,1183,0.6329588014981273,120,0.06420545746388442,36,0.019261637239165328,3.0,5.38,2.25,4.13,96.25,1.5
2021-07-30,1965,-812.66,-0.41356743002544527,0.5352010178117049,147,0.07480916030534351,28,0.014249363867684479,125,0.06361323155216285,357,0.18167938931297709,1136,0.5781170483460559,140,0.07124681933842239,32,0.01628498727735369,6.38,11.0,7.25,9.25,122.12,0.0
2021-08-06,2339,-972.92,-0.4159555365540829,0.526532706284737,158,0.0675502351432236,33,0.01410859341598974,131,0.056006840530141086,381,0.1628901239846088,1440,0.6156477126977341,136,0.05814450619923044,60,0.025651988029072252,3.87,15.76,3.0,4.0,93.37,0.0
2021-08-13,2015,-813.11,-0.4035285359801489,0.5258114143920596,176,0.08734491315136476,9,0.004466501240694789,84,0.04168734491315137,355,0.1761786600496278,1211,0.6009925558312655,145,0.07196029776674938,35,0.017369727047146403,4.5,8.87,3.25,1.5,97.12,0.5
2021-08-20,2087,-914.77,-0.4383181600383325,0.5388883564925732,142,0.0680402491614758,17,0.008145663632007666,75,0.035936751317680884,285,0.13655965500718736,1409,0.6751317680881649,120,0.057498802108289414,39,0.018687110685194058,1.25,2.5,3.5,0.75,196.38,1.0
2021-08-27,2075,-843.39,-0.4064530120481928,0.5267662650602409,168,0.08096385542168674,25,0.012048192771084338,107,0.051566265060240965,358,0.1725301204819277,1246,0.6004819277108434,125,0.060240963855421686,46,0.02216867469879518,2.0,6.25,3.25,6.0,149.75,0.5
2021-09-03,2856,-1217.03,-0.4261309523809524,0.5350350140056023,214,0.07492997198879552,29,0.01015406162464986,156,0.0546218487394958,501,0.17542016806722688,1744,0.6106442577030813,176,0.06162464985994398,35,0.012254901960784314,5.75,7.5,2.5,6.25,180.0,2.5
2021-09-10,2471,-1037.5,-0.4198704977741805,0.5362282476730069,198,0.08012950222581951,24,0.00971266693646297,124,0.05018211250505868,400,0.16187778227438285,1538,0.622420072845002,153,0.06191825171995144,34,0.013759611493322542,3.88,5.75,5.5,3.0,189.37,0.5
2021-09-17,2921,-1271.66,-0.43535090722355363,0.5390516946251284,200,0.06846970215679561,27,0.009243409791167409,156,0.05340636768230058,422,0.14447107155083874,1885,0.6453269428277987,172,0.05888394385484423,59,0.02019856213625471,5.75,5.0,1.75,8.5,320.0,0.25
2021-09-24,3412,-1456.55,-0.426890386869871,0.5370222743259085,240,0.07033997655334115,29,0.008499413833528723,208,0.06096131301289566,516,0.15123094958968347,2112,0.6189917936694022,251,0.07356389214536929,55,0.01611957796014068,4.0,11.75,5.25,12.75,233.25,1.5
2021-10-01,2467,-1113.86,-0.4515038508309687,0.5434819618970409,148,0.05999189298743413,19,0.007701661937576003,123,0.04985812728009728,347,0.14065666801783544,1637,0.6635589785164167,148,0.05999189298743413,45,0.018240778273206325,0.5,3.75,2.5,4.0,346.74,0.5
2021-10-08,2533,-1118.78,-0.44168180023687326,0.5386142913541255,140,0.05527043031977892,32,0.012633241215949467,149,0.058823529411764705,443,0.17489143308330043,1561,0.616265298065535,154,0.06079747335175681,54,0.021318594551914725,1.5,12.5,1.75,6.0,247.0,1.25
2021-10-15,1261,-495.77,-0.39315622521808086,0.538588421887391,111,0.0880253766851705,33,0.026169706582077717,67,0.05313243457573354,221,0.17525773195876287,716,0.5678033306899286,78,0.061855670103092786,35,0.02775574940523394,1.88,2.38,1.75,5.0,55.62,0.25
2021-10-22,1191,-499.68,-0.4195465994962217,0.5355247691015953,79,0.06633081444164568,20,0.016792611251049538,67,0.056255247691015954,223,0.18723761544920234,705,0.5919395465994962,75,0.06297229219143577,22,0.018471872376154493,4.5,1.5,0.0,2.0,66.25,0.0
2021-10-29,2480,-1091.57,-0.44014919354838705,0.5373387096774194,153,0.06169354838709677,18,0.007258064516129033,139,0.05604838709677419,336,0.13548387096774195,1632,0.6580645161290323,150,0.06048387096774194,52,0.020967741935483872,3.75,15.25,4.75,2.25,191.38,1.25
2021-11-05,2124,-851.77,-0.4010216572504708,0.5332203389830508,165,0.07768361581920905,36,0.01694915254237288,90,0.0423728813559322,359,0.1690207156308851,1253,0.589924670433145,152,0.07156308851224105,69,0.03248587570621469,3.25,7.5,3.5,4.5,92.37,0.75
2021-11-12,3166,-1366.16,-0.43150979153506,0.5432596336070752,245,0.07738471257106759,28,0.008843967150979154,155,0.04895767530006317,481,0.15192672141503474,2028,0.640555906506633,189,0.05969677826910929,40,0.012634238787113077,16.75,15.63,3.75,10.75,263.25,3.0
2021-11-19,2583,-1092.9,-0.4231126596980256,0.5367440960123887,171,0.06620209059233449,36,0.013937282229965157,140,0.05420054200542006,370,0.143244289585753,1635,0.6329849012775842,181,0.07007355787843593,49,0.018970189701897018,3.25,4.75,3.25,7.5,131.25,3.5
2021-11-26,1991,-866.97,-0.4354445002511301,0.5480261175288799,145,0.07282772476142642,37,0.01858362631843295,98,0.04922149673530889,282,0.14163736815670516,1300,0.6529382219989954,102,0.051230537418382724,27,0.013561024610748368,4.25,15.37,3.25,4.0,70.87,0.5
2021-12-03,1493,-581.38,-0.3894038847957133,0.5250569323509712,133,0.08908238446081715,11,0.007367716008037508,72,0.04822505023442733,274,0.18352310783657066,833,0.5579370395177495,119,0.07970529135967849,51,0.03415941058271936,6.25,8.5,3.75,10.0,29.5,2.25
2021-12-10,2665,-1093.89,-0.41046529080675426,0.537639774859287,207,0.0776735459662289,36,0.01350844277673546,141,0.05290806754221388,403,0.15121951219512195,1632,0.6123827392120075,184,0.06904315196998125,62,0.02326454033771107,4.5,14.25,7.0,9.25,128.25,4.25
2021-12-17,2972,-1353.38,-0.4553768506056528,0.5473317631224764,179,0.06022880215343203,24,0.008075370121130552,162,0.05450874831763122,394,0.1325706594885599,2002,0.6736204576043069,166,0.05585464333781965,45,0.015141318977119785,8.5,20.88,6.0,6.0,241.75,1.0
2021-12-24,3698,-1611.27,-0.4357138994050838,0.5455083829096808,288,0.07787993510005409,31,0.0083829096809086,149,0.0402920497566252,508,0.13737155219037317,2480,0.670632774472688,196,0.05300162249864792,46,0.012439156300703082,6.0,11.76,11.5,2.5,608.0,0.0
2021-12-31,3274,-1394.37,-0.42589187538179596,0.5420036652412951,270,0.0824679291386683,27,0.008246792913866829,135,0.04123396456933415,614,0.18753817959682345,1986,0.6065974343310935,189,0.057727550397067805,53,0.016188149053146,2.25,15.5,13.25,3.62,180.5,1.0
2022-01-07,3089,-1296.27,-0.419640660407899,0.5401683392683716,266,0.08611201035933959,32,0.010359339592101004,154,0.04985432178698608,581,0.18808675946908385,1818,0.5885399805762382,186,0.06021366137908708,52,0.016833926837164132,5.0,15.0,15.0,6.25,118.0,0.5
2022-01-14,2755,-1183.78,-0.4296842105263158,0.5378294010889292,200,0.07259528130671507,30,0.010889292196007259,145,0.05263157894736842,409,0.1484573502722323,1755,0.6370235934664247,165,0.05989110707803993,51,0.018511796733212342,6.88,15.5,6.0,5.63,168.88,0.0
2022-01-21,3245,-1268.54,-0.3909214175654854,0.5391556240369799,332,0.10231124807395994,59,0.01818181818181818,144,0.044375963020030815,518,0.1596302003081664,1949,0.6006163328197226,175,0.053929121725731895,68,0.020955315870570108,2.75,6.25,4.75,5.75,345.88,2.5
2022-01-28,3183,-1330.91,-0.4181306943135407,0.5406660383286208,267,0.08388312912346843,35,0.010995915802701853,205,0.06440464970153943,596,0.18724473766886585,1823,0.5727301288092994,210,0.06597549481621112,47,0.014765944077913918,5.75,29.5,12.0,6.75,120.25,2.0
2022-02-04,2499,-1021.43,-0.4087354941976791,0.5416006402561024,217,0.08683473389355742,36,0.014405762304921969,132,0.05282112845138055,378,0.15126050420168066,1527,0.6110444177671068,169,0.06762705082032813,40,0.01600640256102441,6.13,12.75,6.25,4.25,190.12,1.0
2022-02-11,3519,-1674.0,-0.47570332480818417,0.5524751349815289,145,0.04120488775220233,37,0.010514350667803353,145,0.04120488775220233,538,0.15288434214265417,2425,0.6891162262006252,182,0.051719238420005684,47,0.013356067064506962,7.75,19.62,4.0,6.25,175.87,0.0
2022-02-18,2771,-1253.4,-0.45232767953807296,0.546300974377481,158,0.05701912666907254,23,0.008300252616383976,129,0.04655359076145796,401,0.14471309996391193,1847,0.6665463731504871,167,0.06026705160591844,46,0.016600505232767952,12.75,13.75,4.0,2.88,184.25,0.5
2022-02-25,3690,-1530.54,-0.41478048780487803,0.5352872628726287,287,0.07777777777777778,40,0.01084010840108401,207,0.05609756097560976,705,0.1910569105691057,2133,0.5780487804878048,205,0.05555555555555555,112,0.03035230352303523,2.75,7.75,2.25,4.0,120.87,1.5
2022-03-04,3005,-1179.2,-0.39241264559068223,0.5392945091514143,273,0.0908485856905158,56,0.018635607321131446,250,0.08319467554076539,497,0.1653910149750416,1641,0.546089850249584,202,0.06722129783693843,86,0.028618968386023295,2.0,8.75,0.5,5.37,51.17,0.5
2022-03-11,3570,-1579.52,-0.4424425770308123,0.5497394957983193,241,0.06750700280112044,34,0.009523809523809525,220,0.06162464985994398,663,0.18571428571428572,2145,0.6008403361344538,206,0.057703081232493,61,0.017086834733893556,15.62,11.0,1.25,3.75,143.12,0.5
2022-03-18,3144,-1381.28,-0.4393384223918575,0.5474522900763359,198,0.06297709923664122,37,0.011768447837150127,225,0.0715648854961832,588,0.18702290076335878,1825,0.580470737913486,213,0.06774809160305344,58,0.018447837150127225,5.0,16.5,2.25,3.75,121.62,0.5
2022-03-25,2454,-1052.76,-0.4289975550122249,0.544637326813366,182,0.07416462917685411,32,0.013039934800325998,122,0.04971475142624287,407,0.16585167074164628,1518,0.6185819070904646,143,0.0582722086389568,50,0.020374898125509373,3.75,5.75,1.5,1.0,223.62,0.0
2022-04-01,3873,-1801.6,-0.4651691195455719,0.5560934675961787,216,0.055770720371804805,33,0.008520526723470178,156,0.040278853601859024,640,0.16524657887942162,2545,0.6571133488252001,209,0.05396333591531113,73,0.01884843790343403,5.5,6.5,3.0,2.0,633.42,1.25
2022-04-08,3658,-1505.17,-0.41147348277747403,0.539316566429743,364,0.09950792782941498,30,0.008201202843083653,203,0.055494805904866044,625,0.17085839256424276,2204,0.6025150355385457,175,0.047840349917987975,57,0.01558228540185894,6.25,13.63,15.0,5.88,189.25,0.5
2022-04-15,3313,-1362.89,-0.41137639601569576,0.5331029278599457,255,0.07696951403561726,41,0.012375490492001207,143,0.04316329610624811,487,0.14699667974645336,2072,0.6254150316933293,240,0.0724418955629339,75,0.022638092363416844,3.75,6.63,4.88,4.0,106.0,3.5
2022-04-22,3181,-1455.12,-0.4574410562716127,0.5494781515246778,209,0.06570260924237661,21,0.006601697579377554,125,0.039295818924866395,495,0.15561144294247092,2132,0.6702294875825212,171,0.05375668028921723,28,0.008802263439170073,10.5,8.62,5.75,2.75,250.5,4.13
2022-04-29,3280,-1456.0,-0.44390243902439025,0.541204268292683,209,0.06371951219512195,21,0.0064024390243902435,167,0.05091463414634146,601,0.18323170731707317,2033,0.6198170731707318,195,0.05945121951219512,54,0.016463414634146342,12.13,16.5,9.88,4.25,297.45,2.25
2022-05-06,2395,-1043.51,-0.4357035490605428,0.5504676409185804,132,0.05511482254697286,38,0.015866388308977037,138,0.05762004175365344,443,0.18496868475991649,1403,0.58580375782881,170,0.0709812108559499,69,0.02881002087682672,6.0,7.38,4.75,4.0,98.2,0.5
2022-05-13,1592,-747.56,-0.469572864321608,0.5670037688442211,63,0.03957286432160804,32,0.020100502512562814,59,0.03706030150753769,288,0.18090452261306533,1029,0.6463567839195979,90,0.056532663316582916,29,0.01821608040201005,3.25,2.25,3.5,3.5,104.31,0.0
2022-05-20,2359,-1107.92,-0.46965663416701997,0.5680584993641373,104,0.04408647732089869,47,0.019923696481559984,115,0.048749470114455275,499,0.21153030945315812,1424,0.6036456125476897,128,0.05426027977956761,40,0.01695633743111488,4.75,3.49,1.5,2.25,114.03,0.5
2022-05-27,1509,-691.39,-0.4581776010603048,0.5663817097415507,83,0.05500331345261763,24,0.015904572564612324,65,0.043074884029158385,378,0.2504970178926441,852,0.5646123260437376,86,0.05699138502319417,21,0.013916500994035786,3.75,3.99,3.75,4.13,83.7,0.0
2022-06-03,1398,-631.38,-0.4516309012875536,0.5652002861230329,84,0.060085836909871244,23,0.016452074391988557,55,0.03934191702432046,281,0.2010014306151645,845,0.6044349070100143,73,0.05221745350500715,37,0.026466380543633764,2.75,4.62,2.0,1.0,45.72,0.0
2022-06-10,2477,-1181.54,-0.477004440855874,0.5657085183689947,108,0.04360113039967703,35,0.014129995962858296,93,0.03754541784416633,520,0.20993136859103753,1565,0.6318126766249496,120,0.04844570044408559,35,0.014129995962858296,11.37,4.0,7.0,2.75,197.37,1.0
2022-06-17,2578,-1152.62,-0.44709852598913885,0.5644259115593483,157,0.06089992242048099,45,0.017455391776570985,132,0.05120248254460822,590,0.22885958107059737,1446,0.560899922420481,159,0.061675717610550816,49,0.01900698215671063,7.75,11.12,14.02,3.75,94.21,0.38
2022-06-24,2945,-1375.63,-0.46710696095076404,0.5685195246179966,138,0.046859083191850594,43,0.014601018675721562,118,0.040067911714770796,565,0.19185059422750425,1845,0.6264855687606112,170,0.057724957555178265,65,0.022071307300509338,10.74,9.75,5.0,2.87,214.91,0.5
2022-07-01,1687,-736.32,-0.43646710136336697,0.5667101363366923,108,0.06401896858328393,36,0.02133965619442798,88,0.05216360403082395,366,0.2169531713100178,940,0.5572021339656195,102,0.06046235921754594,46,0.027267338470657973,5.25,2.62,9.13,1.5,67.09,0.0
2022-07-08,1262,-559.68,-0.44348652931854193,0.5615847860538827,64,0.05071315372424723,24,0.01901743264659271,46,0.03645007923930269,253,0.2004754358161648,748,0.5927099841521395,99,0.07844690966719493,28,0.022187004754358162,1.25,2.5,2.0,0.0,74.36,1.5
2022-07-15,1726,-792.52,-0.4591657010428737,0.563342989571263,85,0.0492468134414832,26,0.015063731170336037,79,0.04577056778679027,391,0.22653534183082272,996,0.5770567786790266,109,0.06315179606025492,40,0.023174971031286212,9.37,4.25,5.0,1.5,87.34,0.0
2022-07-22,1705,-807.04,-0.47333724340175953,0.5690381231671554,76,0.04457478005865103,27,0.015835777126099706,68,0.03988269794721408,358,0.2099706744868035,1054,0.6181818181818182,102,0.05982404692082111,19,0.011143695014662757,2.62,4.25,3.0,1.75,124.82,0.88
2022-07-29,2041,-959.06,-0.46989710926016653,0.5660999510044097,79,0.03870651641352278,29,0.014208721215090642,84,0.041156295933366,417,0.20431161195492406,1258,0.6163645271925526,142,0.06957373836354729,32,0.01567858892699657,3.25,4.5,10.26,0.0,89.08,0.5
2022-08-05,1120,-484.6,-0.43267857142857147,0.5605446428571428,77,0.06875,13,0.011607142857142858,51,0.045535714285714284,220,0.19642857142857142,649,0.5794642857142858,78,0.06964285714285715,32,0.02857142857142857,2.87,3.5,5.88,1.75,34.86,0.5
2022-08-12,1343,-598.45,-0.44560685033507075,0.5548696947133284,75,0.05584512285927029,23,0.01712583767684289,41,0.03052866716306776,241,0.17944899478778853,864,0.6433358153387937,72,0.05361131794489948,27,0.020104244229337303,2.5,1.5,2.0,1.62,92.7,0.5
2022-08-19,1074,-493.64,-0.45962756052141523,0.5632588454376164,42,0.03910614525139665,24,0.0223463687150838,32,0.0297951582867784,184,0.1713221601489758,700,0.6517690875232774,70,0.06517690875232775,22,0.020484171322160148,2.5,2.25,1.38,0.75,91.17,0.0
2022-08-26,2216,-967.98,-0.4368140794223827,0.5690974729241877,168,0.07581227436823104,45,0.020306859205776174,63,0.028429602888086644,325,0.1466606498194946,1463,0.6601985559566786,117,0.05279783393501805,33,0.014891696750902527,3.37,1.62,3.5,1.25,404.5,0.5
2022-09-02,2154,-991.22,-0.46017641597028786,0.5630826369545033,116,0.05385329619312906,24,0.011142061281337047,88,0.04085422469823584,421,0.19545032497678738,1336,0.6202414113277623,127,0.058960074280408545,41,0.01903435468895079,1.62,4.37,1.38,1.0,179.65,0.0
2022-09-09,1985,-925.64,-0.4663173803526448,0.5641209068010076,95,0.04785894206549118,26,0.01309823677581864,82,0.04130982367758186,416,0.20957178841309823,1216,0.6125944584382872,114,0.05743073047858942,36,0.0181360201511335,2.37,6.37,2.38,2.75,55.07,0.88
2022-09-16,1960,-858.48,-0.438,0.5573571428571429,120,0.061224489795918366,33,0.01683673469387755,91,0.04642857142857143,406,0.20714285714285716,1141,0.5821428571428572,124,0.06326530612244897,45,0.02295918367346939,8.88,7.74,0.0,1.5,83.57,0.0
2022-09-23,1725,-762.57,-0.4420695652173913,0.5584985507246376,97,0.05623188405797101,29,0.01681159420289855,76,0.044057971014492756,399,0.23130434782608697,970,0.5623188405797102,119,0.06898550724637681,33,0.019130434782608695,5.37,4.99,4.0,1.25,69.83,0.0
2022-09-30,2659,-1215.35,-0.45707032719067314,0.5662015795411809,133,0.05001880406167732,41,0.015419330575404287,125,0.04701015419330575,556,0.209101165851824,1578,0.5934561865362918,165,0.062053403535163594,59,0.022188792779240317,6.37,9.24,2.5,7.87,216.35,1.5
2022-10-07,2056,-944.23,-0.4592558365758755,0.5674610894941634,108,0.05252918287937743,45,0.02188715953307393,75,0.036478599221789886,447,0.2174124513618677,1244,0.6050583657587548,105,0.051070038910505836,32,0.01556420233463035,3.87,8.12,6.01,0.0,149.43,1.0
2022-10-14,2926,-1368.18,-0.46759398496240606,0.5748735475051264,170,0.05809979494190021,51,0.017429938482570063,117,0.039986329460013674,560,0.19138755980861244,1849,0.6319207108680793,136,0.04647983595352016,42,0.014354066985645933,5.12,8.75,11.5,4.37,216.86,3.5
2022-10-21,1997,-945.63,-0.47352528793189785,0.5701201802704056,90,0.045067601402103155,19,0.009514271407110666,88,0.04406609914872309,447,0.22383575363044567,1184,0.5928893340010015,140,0.0701051577366049,29,0.014521782674011016,3.87,8.87,7.38,1.75,151.9,0.5
2022-10-28,2350,-1065.96,-0.4536,0.5635404255319149,119,0.05063829787234043,42,0.017872340425531916,90,0.03829787234042553,488,0.2076595744680851,1416,0.6025531914893617,144,0.06127659574468085,50,0.02127659574468085,5.12,5.24,10.76,1.25,149.05,4.25
2022-11-04,2186,-1020.59,-0.46687557182067707,0.5649862763037511,110,0.05032021957913998,33,0.015096065873741994,90,0.04117108874656908,443,0.20265324794144557,1357,0.620768526989936,119,0.05443732845379689,33,0.015096065873741994,7.25,4.87,2.5,1.25,133.89,2.38
2022-11-11,2605,-1226.75,-0.47092130518234165,0.5690825335892514,118,0.04529750479846449,32,0.012284069097888676,88,0.03378119001919386,457,0.17543186180422266,1701,0.6529750479846449,159,0.061036468330134354,49,0.018809980806142036,2.75,4.87,3.75,2.87,249.58,1.5
2022-11-18,1850,-800.18,-0.4325297297297297,0.5571945945945945,131,0.07081081081081081,34,0.018378378378378378,74,0.04,378,0.20432432432432432,1099,0.5940540540540541,103,0.055675675675675676,31,0.016756756756756756,2.5,10.5,5.5,2.25,87.04,1.5
2022-11-25,1409,-642.68,-0.456124911284599,0.5623066004258339,78,0.05535841022001419,23,0.016323633782824698,46,0.032647267565649396,280,0.198722498225692,888,0.6302342086586231,68,0.0482611781405252,25,0.017743080198722498,1.75,2.37,1.0,0.0,48.98,2.0
2022-12-02,2544,-1159.46,-0.4557625786163522,0.5725196540880503,135,0.05306603773584906,65,0.025550314465408806,100,0.03930817610062893,379,0.14897798742138366,1680,0.660377358490566,137,0.05385220125786164,46,0.018081761006289308,3.37,4.49,5.88,2.25,79.7,1.0
2022-12-09,2282,-1057.34,-0.463339176161262,0.5712226117440842,116,0.05083260297984225,42,0.018404907975460124,79,0.034618755477651184,413,0.18098159509202455,1461,0.64022787028922,117,0.05127081507449606,53,0.02322524101665206,0.0,2.75,4.75,1.75,158.03,1.75
2022-12-16,2621,-1200.49,-0.4580274704311332,0.5680999618466235,164,0.06257153758107592,40,0.015261350629530714,104,0.03967951163677985,530,0.20221289584128196,1612,0.6150324303700877,130,0.04959938954597482,40,0.015261350629530714,9.37,5.25,6.13,0.5,195.14,2.5
2022-12-23,3042,-1477.44,-0.4856804733727811,0.5770216962524655,128,0.042077580539119,58,0.0190664036817883,98,0.032215647600262985,513,0.16863905325443787,2065,0.6788297172912557,139,0.04569362261669954,39,0.01282051282051282,3.37,4.99,11.88,1.75,158.3,1.88
2022-12-30,2526,-1200.51,-0.4752612826603325,0.5710926365795724,125,0.04948535233570863,36,0.014251781472684086,68,0.026920031670625493,423,0.167458432304038,1700,0.6730007917656373,129,0.0510688836104513,43,0.017022961203483768,2.25,3.75,7.51,0.75,215.37,0.88
2023-01-06,2552,-1163.87,-0.4560619122257053,0.565019592476489,141,0.05525078369905956,54,0.02115987460815047,78,0.030564263322884012,492,0.19278996865203762,1622,0.6355799373040752,111,0.04349529780564263,51,0.019984326018808778,2.87,4.87,6.88,0.5,76.48,2.5
2023-01-13,3489,-1658.49,-0.4753482373172829,0.5762080825451419,183,0.052450558899398106,60,0.017196904557179708,134,0.03840642017770135,642,0.18400687876182287,2253,0.645743766122098,158,0.04528518200057323,59,0.016910289481226713,2.75,4.75,4.75,1.5,405.12,1.75
2023-01-20,4102,-2000.53,-0.4876962457337884,0.5787469527059971,187,0.04558751828376402,64,0.015602145294978059,130,0.03169185763042418,733,0.17869332033154559,2740,0.6679668454412482,180,0.04388103364212579,67,0.016333495855680155,1.75,3.37,8.62,1.25,489.26,2.25
2023-01-27,3267,-1577.82,-0.4829568411386593,0.5740220385674931,138,0.04224058769513315,52,0.01591674318947046,130,0.039791857973676154,617,0.18885827976737068,2119,0.6486072849709213,141,0.04315886134067952,68,0.02081420263238445,2.0,3.25,8.13,1.75,265.96,1.0
2023-02-03,3494,-1625.04,-0.46509444762449914,0.571310818546079,170,0.048654836863194044,59,0.01688609044075558,117,0.03348597595878649,730,0.20892959358900973,2146,0.6141957641671437,175,0.0500858614768174,96,0.027475672581568404,3.5,3.12,7.0,1.5,247.13,1.5
2023-02-10,3028,-1488.44,-0.49155878467635405,0.5774504623513871,131,0.043262879788639366,39,0.012879788639365918,116,0.03830911492734478,562,0.1856010568031704,1993,0.6581902245706737,128,0.04227212681638045,59,0.019484808454425365,2.0,2.87,3.5,0.0,359.36,1.0
2023-02-17,3050,-1455.44,-0.4771934426229508,0.5704557377049181,151,0.04950819672131147,50,0.01639344262295082,125,0.040983606557377046,548,0.179672131147541,2018,0.6616393442622951,115,0.03770491803278689,41,0.013442622950819673,5.37,4.25,3.25,5.25,330.81,1.0
2023-02-24,2740,-1279.8,-0.4670802919708029,0.5706313868613139,135,0.04927007299270073,60,0.021897810218978103,76,0.027737226277372264,545,0.1989051094890511,1745,0.6368613138686131,120,0.043795620437956206,58,0.021167883211678833,2.75,3.25,4.0,0.75,205.76,0.5
2023-03-03,3852,-1817.37,-0.4717990654205607,0.571858774662513,174,0.045171339563862926,70,0.018172377985462097,125,0.03245067497403946,782,0.20301142263759087,2419,0.6279854620976116,186,0.048286604361370715,94,0.024402907580477674,3.37,3.62,6.13,1.75,413.58,1.5
2023-03-10,3587,-1758.58,-0.49026484527460273,0.5772344577641483,140,0.039029829941455256,55,0.01533314747700028,119,0.03317535545023697,728,0.20295511569556732,2318,0.6462224700306662,164,0.045720657931419016,61,0.017005854474491218,3.25,7.24,4.0,4.12,357.11,0.0
2023-03-17,4349,-2004.41,-0.4608898597378708,0.5706990112669579,227,0.05219590710508163,76,0.017475281673948035,223,0.05127615543803173,725,0.16670498965279373,2751,0.6325592090135663,238,0.054725224189468846,108,0.024833295010347207,5.48,21.37,1.5,32.22,270.46,4.5
2023-03-24,4563,-2231.94,-0.4891387245233399,0.5778172255095332,207,0.045364891518737675,63,0.013806706114398421,163,0.03572211264518957,924,0.2024983563445102,2950,0.6465044926583388,186,0.04076265614727153,67,0.014683322375630067,7.12,20.25,3.0,13.74,194.39,0.88
2023-03-31,3461,-1599.99,-0.4622912453048252,0.5642386593470096,167,0.048251950303380524,61,0.01762496388327073,140,0.040450736781277086,684,0.19763074255995378,2156,0.6229413464316671,168,0.048540884137532506,85,0.02455937590291823,5.25,6.25,3.76,5.11,167.7,2.0
2023-04-07,2083,-959.87,-0.46081132981277007,0.5677676428228517,96,0.046087373979836775,44,0.02112337974075852,102,0.04896783485357657,354,0.1699471915506481,1318,0.6327412385981757,110,0.052808449351896304,56,0.02688430148823812,3.37,5.62,3.75,1.0,141.91,0.0
2023-04-14,1994,-856.05,-0.42931293881644933,0.5582948846539619,142,0.0712136409227683,39,0.019558676028084254,79,0.03961885656970913,415,0.20812437311935808,1163,0.5832497492477432,118,0.05917753259779338,38,0.01905717151454363,4.12,4.87,6.38,2.5,101.08,1.5
2023-04-21,1644,-796.68,-0.48459854014598536,0.5699391727493918,56,0.0340632603406326,32,0.019464720194647202,54,0.032846715328467155,312,0.1897810218978102,1085,0.6599756690997567,64,0.038929440389294405,40,0.024330900243309004,3.0,2.12,2.5,1.25,159.92,0.5
2023-04-28,1406,-657.22,-0.4674395448079659,0.5651706970128023,61,0.04338549075391181,21,0.014935988620199146,49,0.03485064011379801,301,0.21408250355618777,861,0.612375533428165,91,0.06472261735419631,22,0.015647226173541962,1.37,2.75,8.01,3.0,67.22,0.5
2023-05-05,1939,-914.37,-0.47156781846312534,0.5684785972150593,99,0.05105724600309438,28,0.01444043321299639,106,0.05466735430634347,396,0.20422898401237752,1184,0.6106240330067045,93,0.0479628674574523,33,0.01701908200103146,1.5,5.12,4.75,9.87,154.78,1.5
2023-05-12,1686,-823.37,-0.48835705812574143,0.577846975088968,73,0.04329774614472123,18,0.010676156583629894,100,0.05931198102016608,300,0.17793594306049823,1074,0.6370106761565836,97,0.05753262158956109,24,0.014234875444839857,1.5,4.13,2.0,1.0,306.31,0.5
2023-05-19,1643,-767.08,-0.46687766281192944,0.5712720632988436,81,0.049300060864272674,33,0.02008520998174072,89,0.054169202678027994,277,0.16859403530127814,1047,0.6372489348752283,79,0.04808277541083384,36,0.021911138161898967,0.5,4.13,3.38,0.5,242.09,0.5
2023-05-26,1339,-638.92,-0.4771620612397311,0.5780059746079164,68,0.05078416728902166,21,0.01568334578043316,40,0.029873039581777446,182,0.13592233009708737,932,0.6960418222554144,66,0.04929051530993279,30,0.022404779686333084,0.0,2.12,2.88,0.0,237.44,0.0
2023-06-02,1333,-651.71,-0.4889047261815454,0.5708027006751688,54,0.04051012753188297,17,0.012753188297074268,46,0.0345086271567892,254,0.1905476369092273,881,0.6609152288072018,69,0.051762940735183796,12,0.00900225056264066,0.0,1.5,2.5,0.5,207.56,0.5
2023-06-09,1494,-699.1,-0.46793842034805894,0.5650334672021419,70,0.04685408299866131,20,0.013386880856760375,74,0.049531459170013385,341,0.2282463186077644,879,0.5883534136546185,73,0.048862115127175365,37,0.024765729585006693,1.5,6.5,5.26,2.37,85.46,0.0
2023-06-16,515,-242.12,-0.4701359223300971,0.5847378640776699,32,0.062135922330097085,11,0.021359223300970873,18,0.03495145631067961,85,0.1650485436893204,341,0.6621359223300971,20,0.038834951456310676,8,0.015533980582524271,0.5,0.5,5.25,0.0,63.35,0.0
2023-06-23,1363,-666.5,-0.48899486426999267,0.5728686720469552,62,0.04548789435069699,14,0.010271460014673514,36,0.02641232575201761,266,0.19515774027879676,906,0.6647101980924431,61,0.04475421863536317,18,0.013206162876008804,3.5,2.5,4.13,0.0,86.46,0.5
2023-06-30,1720,-785.62,-0.45675581395348835,0.5624360465116279,97,0.0563953488372093,24,0.013953488372093023,70,0.040697674418604654,378,0.21976744186046512,1025,0.5959302325581395,93,0.05406976744186046,33,0.01918604651162791,1.5,3.0,5.38,0.0,82.98,0.0
2023-07-07,1484,-703.54,-0.47408355795148244,0.5718935309973047,83,0.05592991913746631,16,0.01078167115902965,43,0.028975741239892182,269,0.18126684636118598,977,0.6583557951482479,66,0.0444743935309973,29,0.01954177897574124,0.5,1.25,4.75,0.0,142.04,0.5
2023-07-14,1858,-860.97,-0.4633853606027987,0.5700430570505921,108,0.0581270182992465,33,0.01776103336921421,39,0.02099031216361679,328,0.17653390742734124,1231,0.66254036598493,80,0.04305705059203445,39,0.02099031216361679,1.0,0.5,7.63,0.5,161.51,2.0
2023-07-21,1683,-765.96,-0.45511586452762925,0.5694949494949495,101,0.06001188354129531,34,0.020202020202020204,54,0.03208556149732621,356,0.21152703505644682,1030,0.6120023767082591,76,0.0451574569221628,32,0.019013666072489603,1.37,2.5,4.5,0.5,164.92,0.5
2023-07-28,1550,-637.97,-0.4115935483870968,0.558741935483871,123,0.07935483870967742,32,0.02064516129032258,49,0.031612903225806455,309,0.1993548387096774,898,0.5793548387096774,93,0.06,46,0.02967741935483871,1.0,3.87,10.75,3.0,78.1,1.5
2023-08-04,1471,-664.25,-0.45156356220258326,0.5586539768864718,84,0.05710401087695445,20,0.013596193065941536,54,0.036709721278042146,355,0.24133242692046228,842,0.5723997280761387,93,0.06322229775662815,23,0.01563562202583277,0.5,0.62,7.37,0.5,71.84,1.38
2023-08-11,1430,-661.32,-0.4624615384615385,0.5648181818181819,80,0.055944055944055944,21,0.014685314685314685,47,0.032867132867132866,283,0.1979020979020979,904,0.6321678321678321,68,0.04755244755244755,27,0.01888111888111888,0.5,1.37,4.5,0.0,97.79,0.5
2023-08-18,1787,-863.1,-0.482988248461108,0.5711919418019027,67,0.03749300503637381,22,0.012311135982092894,71,0.039731393396754335,365,0.204252937884723,1123,0.6284275321768327,109,0.060996082820369335,30,0.016787912702853944,4.0,3.0,5.12,2.0,99.7,0.0
2023-08-25,2263,-1061.84,-0.46921785240830755,0.5683384887317721,105,0.04639858594785683,31,0.0136986301369863,70,0.03093239063190455,409,0.18073353954927088,1469,0.6491383119752541,116,0.05125939019001326,63,0.027839151568714096,2.5,2.87,9.0,3.0,138.8,0.5
2023-09-01,1916,-836.69,-0.43668580375782884,0.5545615866388309,121,0.06315240083507306,31,0.016179540709812108,64,0.033402922755741124,405,0.21137787056367432,1139,0.5944676409185804,106,0.055323590814196244,50,0.026096033402922755,1.37,5.13,12.0,3.5,95.6,0.5
2023-09-08,2053,-945.97,-0.4607744763760351,0.5650462737457379,98,0.047735021919142716,39,0.018996590355577204,60,0.029225523623964928,387,0.1885046273745738,1312,0.6390647832440332,110,0.0535801266439357,46,0.022406234778373113,1.25,0.75,7.5,1.99,198.63,0.0
2023-09-15,2676,-1295.4,-0.4840807174887893,0.5738976083707026,127,0.04745889387144993,32,0.01195814648729447,78,0.02914798206278027,505,0.18871449925261585,1769,0.6610612855007474,129,0.04820627802690583,36,0.013452914798206279,2.5,4.74,8.88,1.38,188.6,1.0
2023-09-22,2447,-1164.19,-0.4757621577441766,0.5697261953412341,109,0.044544340008173276,35,0.014303228442991417,81,0.03310175725378014,507,0.2071924805884757,1542,0.6301593788312219,120,0.049039640375970577,52,0.02125051082958725,1.5,2.62,4.0,0.75,208.4,1.5
2023-09-29,1784,-821.22,-0.46032511210762334,0.562987668161435,95,0.053251121076233185,25,0.014013452914798207,50,0.028026905829596414,340,0.1905829596412556,1144,0.6412556053811659,76,0.042600896860986545,53,0.029708520179372196,0.5,2.25,5.25,1.25,110.46,0.5
2023-10-06,1881,-867.6,-0.461244019138756,0.5667942583732057,102,0.05422647527910686,26,0.013822434875066455,72,0.03827751196172249,373,0.19829877724614567,1166,0.6198830409356725,113,0.06007442849548113,29,0.01541733120680489,1.5,6.37,6.75,1.5,212.41,0.0
2023-10-13,2055,-1008.9,-0.490948905109489,0.5774257907542578,77,0.037469586374695864,39,0.01897810218978102,73,0.035523114355231145,372,0.181021897810219,1377,0.67007299270073,90,0.043795620437956206,27,0.013138686131386862,0.62,5.12,4.0,1.5,299.22,0.0
2023-10-20,2513,-1255.12,-0.49945085555113405,0.5769797055312376,94,0.03740549144448866,26,0.010346199761241544,97,0.038599283724631915,451,0.179466772781536,1689,0.6721050537206527,104,0.041384799044966177,52,0.020692399522483088,5.62,2.38,2.88,0.5,239.76,0.0
2023-10-27,2475,-1174.55,-0.4745656565656565,0.5669737373737374,103,0.041616161616161614,24,0.009696969696969697,70,0.028282828282828285,503,0.20323232323232324,1567,0.6331313131313131,158,0.06383838383838383,50,0.020202020202020204,1.5,3.0,12.75,2.12,250.62,0.5
2023-11-03,2421,-1122.21,-0.4635315985130112,0.5657001239157373,113,0.04667492771581991,43,0.017761255679471292,60,0.024783147459727387,438,0.1809169764560099,1579,0.6522098306484924,123,0.05080545229244114,63,0.026022304832713755,3.75,3.88,5.88,1.75,149.83,2.38
2023-11-10,1459,-688.83,-0.4721247429746402,0.5666209732693626,56,0.03838245373543523,33,0.022618231665524333,42,0.02878684030157642,293,0.2008224811514736,944,0.6470185058259081,67,0.04592186429061001,24,0.01644962302947224,2.25,2.87,2.38,1.0,98.96,0.5
2023-11-17,2823,-1335.38,-0.4730357775416224,0.5662628409493446,143,0.05065533120793482,36,0.012752391073326248,90,0.031880977683315624,529,0.1873893021608218,1865,0.6606447042153737,114,0.040382571732199786,46,0.016294721927027984,6.5,1.88,5.5,2.0,193.84,0.0
2023-11-24,2023,-936.48,-0.4629164607019278,0.565427582797825,107,0.052891744933267426,21,0.010380622837370242,59,0.0291646070192783,446,0.22046465645081562,1221,0.6035590706870984,120,0.05931784478497281,48,0.023727137913989126,1.5,5.0,4.0,0.0,109.04,1.0
2023-12-01,2259,-1052.81,-0.46605135015493576,0.567029659141213,124,0.054891544931385566,25,0.011066843736166445,82,0.03629924745462594,490,0.21691013722886232,1376,0.6091190792386012,114,0.05046480743691899,48,0.021248339973439574,3.0,5.26,11.75,0.5,127.69,0.5
2023-12-08,2133,-953.15,-0.44685888420065634,0.5645663384903892,140,0.06563525550867323,34,0.015939990623534926,72,0.03375527426160337,505,0.236755743084857,1233,0.5780590717299579,119,0.055789967182372245,29,0.013595874355368026,1.75,3.12,7.5,1.5,122.07,1.0
2023-12-15,3130,-1518.25,-0.4850638977635783,0.5727220447284345,153,0.04888178913738019,26,0.008306709265175719,79,0.02523961661341853,644,0.20575079872204474,2029,0.6482428115015975,154,0.049201277955271565,45,0.01437699680511182,2.49,3.25,9.38,0.0,207.87,0.0
2023-12-22,3145,-1416.65,-0.45044515103338634,0.5638219395866455,202,0.06422893481717011,53,0.01685214626391097,98,0.031160572337042926,651,0.20699523052464228,1937,0.6158982511923689,145,0.046104928457869634,59,0.01875993640699523,2.25,1.75,12.0,0.5,265.48,2.0
2023-12-29,1711,-771.63,-0.45098188194038574,0.5662010520163647,105,0.061367621274108705,31,0.018118059614260665,65,0.03798947983635301,327,0.19111630625365283,1064,0.6218585622443016,90,0.052600818234950324,29,0.01694915254237288,1.0,2.5,6.25,1.5,83.71,0.5
2024-01-05,2104,-918.3,-0.4364543726235741,0.5590256653992396,132,0.06273764258555133,54,0.025665399239543727,106,0.05038022813688213,456,0.21673003802281368,1227,0.5831749049429658,83,0.03944866920152091,46,0.021863117870722433,1.37,1.0,11.75,3.63,76.21,1.5
2024-01-12,2982,-1395.83,-0.468085177733065,0.5650268276324615,140,0.046948356807511735,49,0.01643192488262911,91,0.03051643192488263,526,0.17639168343393696,1979,0.6636485580147552,140,0.046948356807511735,57,0.019114688128772636,2.62,2.75,8.0,0.5,124.3,0.0
2024-01-19,3160,-1507.75,-0.4771360759493671,0.5678797468354431,143,0.045253164556962024,47,0.014873417721518987,94,0.029746835443037974,628,0.19873417721518988,2054,0.65,135,0.04272151898734177,58,0.018354430379746836,4.25,0.5,8.12,0.5,184.93,1.5
2024-01-26,2805,-1271.5,-0.4532976827094474,0.5619893048128343,159,0.05668449197860963,45,0.016042780748663103,87,0.031016042780748664,577,0.2057040998217469,1743,0.6213903743315508,138,0.04919786096256684,56,0.019964349376114084,1.5,0.5,12.13,4.5,81.58,0.88
2024-02-02,2596,-1162.14,-0.4476656394453005,0.5644761171032358,159,0.061248073959938365,50,0.01926040061633282,94,0.0362095531587057,543,0.20916795069337443,1559,0.6005392912172574,128,0.04930662557781202,61,0.02349768875192604,1.87,3.5,12.75,0.0,95.69,3.13
2024-02-09,2421,-1096.62,-0.4529615861214374,0.5632755059892607,150,0.061957868649318466,36,0.01486988847583643,80,0.033044196612969846,480,0.1982651796778191,1512,0.6245353159851301,93,0.03841387856257745,70,0.028913672036348616,1.25,3.49,10.77,3.0,104.72,3.5
2024-02-16,2921,-1333.12,-0.45639164669633686,0.5685176309483054,162,0.05546045874700445,78,0.02670318384115029,101,0.03457719958918179,636,0.21773365285861007,1778,0.6086956521739131,111,0.038000684697021565,55,0.018829168093118794,2.87,3.12,12.01,3.5,233.98,0.5
2024-02-23,2565,-1246.3,-0.4858869395711501,0.5726471734892787,100,0.03898635477582846,44,0.017153996101364522,71,0.027680311890838208,470,0.18323586744639375,1729,0.674074074074074,113,0.04405458089668616,37,0.01442495126705653,1.0,2.0,8.13,3.25,155.26,0.0
2024-03-01,2408,-1105.36,-0.4590365448504983,0.5591569767441861,113,0.046926910299003324,38,0.015780730897009966,64,0.026578073089700997,409,0.16985049833887042,1603,0.6656976744186046,137,0.056893687707641194,44,0.018272425249169437,2.25,1.62,4.26,1.5,214.01,3.38
2024-03-08,2782,-1343.47,-0.48291516894320635,0.5704169662113587,121,0.04349388928828181,37,0.013299784327821711,69,0.02480230050323508,469,0.16858375269590223,1920,0.6901509705248023,125,0.04493170381020848,40,0.014378145219266714,1.5,6.37,6.51,2.0,448.95,0.5
2024-03-15,3152,-1523.03,-0.4831947969543147,0.572988578680203,162,0.05139593908629442,41,0.01300761421319797,94,0.02982233502538071,539,0.171002538071066,2155,0.6836928934010152,114,0.03616751269035533,46,0.014593908629441625,4.37,2.62,8.63,1.25,456.28,1.0
2024-03-22,2322,-1092.52,-0.47050818260120586,0.5676055124892334,103,0.044358311800172266,40,0.017226528854435832,91,0.03919035314384152,434,0.18690783807062877,1495,0.6438415159345392,111,0.04780361757105943,47,0.020241171403962102,6.12,5.24,6.75,0.5,123.44,0.88
2024-03-29,2221,-1047.86,-0.4717964880684376,0.5653129221071589,94,0.042323277802791534,43,0.01936064835659613,51,0.02296262944619541,416,0.18730301665916255,1477,0.665015758667267,103,0.046375506528590724,37,0.016659162539396668,2.25,0.75,5.63,0.5,105.08,0.0
2024-04-05,2815,-1313.96,-0.46677087033747783,0.5682095914742451,144,0.05115452930728242,46,0.016341030195381884,89,0.03161634103019538,485,0.17229129662522202,1853,0.658259325044405,160,0.056838365896980464,37,0.013143872113676732,1.75,2.0,10.38,0.0,196.02,1.5
2024-04-12,2573,-1227.68,-0.47713952584531677,0.567835211815002,126,0.048970073843762146,31,0.012048192771084338,81,0.03148076175670424,449,0.1745044694908667,1731,0.672755538282161,114,0.04430625728721337,40,0.01554605518849592,4.75,3.75,8.0,3.0,257.14,0.0
2024-04-19,881,-398.39,-0.4522020431328036,0.5625425652667424,46,0.05221339387060159,17,0.019296254256526674,33,0.03745743473325766,172,0.1952326901248581,547,0.6208853575482406,50,0.056753688989784334,16,0.018161180476730987,0.75,5.0,1.38,0.5,64.59,0.5
